[INFO] Scanning for projects...
[INFO] 
[INFO] ----------------------< com.kawai:kawai-backend >-----------------------
[INFO] Building kawai-backend 0.0.1-SNAPSHOT
[INFO]   from pom.xml
[INFO] --------------------------------[ jar ]---------------------------------
[INFO] 
[INFO] >>> spring-boot:3.2.4:run (default-cli) > test-compile @ kawai-backend >>>
[INFO] 
[INFO] --- resources:3.3.1:resources (default-resources) @ kawai-backend ---
[INFO] Copying 1 resource from src\main\resources to target\classes
[INFO] Copying 45 resources from src\main\resources to target\classes
[INFO] 
[INFO] --- compiler:3.11.0:compile (default-compile) @ kawai-backend ---
[INFO] Nothing to compile - all classes are up to date
[INFO] 
[INFO] --- resources:3.3.1:testResources (default-testResources) @ kawai-backend ---
[INFO] skip non existing resourceDirectory D:\SWP_Group2\su26-swp391-se2023-g2\03_sourcecode\kawai-backend\src\test\resources
[INFO] 
[INFO] --- compiler:3.11.0:testCompile (default-testCompile) @ kawai-backend ---
[INFO] Changes detected - recompiling the module! :source
[INFO] Compiling 1 source file with javac [debug release 17] to target\test-classes
[INFO] 
[INFO] <<< spring-boot:3.2.4:run (default-cli) < test-compile @ kawai-backend <<<
[INFO] 
[INFO] 
[INFO] --- spring-boot:3.2.4:run (default-cli) @ kawai-backend ---
[INFO] Attaching agents: []

  .   ____          _            __ _ _
 /\\ / ___'_ __ _ _(_)_ __  __ _ \ \ \ \
( ( )\___ | '_ | '_| | '_ \/ _` | \ \ \ \
 \\/  ___)| |_)| | | | | || (_| |  ) ) ) )
  '  |____| .__|_| |_|_| |_\__, | / / / /
 =========|_|==============|___/=/_/_/_/
 :: Spring Boot ::                (v3.2.4)

2026-06-10T08:38:37.140+07:00  INFO 5928 --- [           main] com.kawai.KawaiApplication               : Starting KawaiApplication using Java 17.0.9 with PID 5928 (D:\SWP_Group2\su26-swp391-se2023-g2\03_sourcecode\kawai-backend\target\classes started by KATANA15 in D:\SWP_Group2\su26-swp391-se2023-g2\03_sourcecode\kawai-backend)
2026-06-10T08:38:37.143+07:00  INFO 5928 --- [           main] com.kawai.KawaiApplication               : No active profile set, falling back to 1 default profile: "default"
2026-06-10T08:38:37.143+07:00 DEBUG 5928 --- [           main] o.s.boot.SpringApplication               : Loading source class com.kawai.KawaiApplication
2026-06-10T08:38:37.188+07:00 DEBUG 5928 --- [           main] ConfigServletWebServerApplicationContext : Refreshing org.springframework.boot.web.servlet.context.AnnotationConfigServletWebServerApplicationContext@6aa61224
2026-06-10T08:38:38.148+07:00  INFO 5928 --- [           main] .s.d.r.c.RepositoryConfigurationDelegate : Bootstrapping Spring Data JPA repositories in DEFAULT mode.
2026-06-10T08:38:38.188+07:00 DEBUG 5928 --- [           main] o.s.b.a.AutoConfigurationPackages        : @EnableAutoConfiguration was declared on a class in the package 'com.kawai'. Automatic @Repository and @Entity scanning is enabled.
2026-06-10T08:38:38.276+07:00  INFO 5928 --- [           main] .s.d.r.c.RepositoryConfigurationDelegate : Finished Spring Data repository scanning in 106 ms. Found 3 JPA repository interfaces.
2026-06-10T08:38:39.065+07:00 DEBUG 5928 --- [           main] .s.b.w.e.t.TomcatServletWebServerFactory : Code archive: C:\Users\KATANA15\.m2\repository\org\springframework\boot\spring-boot\3.2.4\spring-boot-3.2.4.jar
2026-06-10T08:38:39.065+07:00 DEBUG 5928 --- [           main] .s.b.w.e.t.TomcatServletWebServerFactory : Code archive: C:\Users\KATANA15\.m2\repository\org\springframework\boot\spring-boot\3.2.4\spring-boot-3.2.4.jar
2026-06-10T08:38:39.066+07:00 DEBUG 5928 --- [           main] .s.b.w.e.t.TomcatServletWebServerFactory : None of the document roots [src/main/webapp, public, static] point to a directory and will be ignored.
2026-06-10T08:38:39.098+07:00  INFO 5928 --- [           main] o.s.b.w.embedded.tomcat.TomcatWebServer  : Tomcat initialized with port 8080 (http)
2026-06-10T08:38:39.118+07:00  INFO 5928 --- [           main] o.apache.catalina.core.StandardService   : Starting service [Tomcat]
2026-06-10T08:38:39.118+07:00  INFO 5928 --- [           main] o.apache.catalina.core.StandardEngine    : Starting Servlet engine: [Apache Tomcat/10.1.19]
2026-06-10T08:38:39.215+07:00  INFO 5928 --- [           main] o.a.c.c.C.[Tomcat].[localhost].[/]       : Initializing Spring embedded WebApplicationContext
2026-06-10T08:38:39.216+07:00 DEBUG 5928 --- [           main] w.s.c.ServletWebServerApplicationContext : Published root WebApplicationContext as ServletContext attribute with name [org.springframework.web.context.WebApplicationContext.ROOT]
2026-06-10T08:38:39.217+07:00  INFO 5928 --- [           main] w.s.c.ServletWebServerApplicationContext : Root WebApplicationContext: initialization completed in 2028 ms
2026-06-10T08:38:39.252+07:00  INFO 5928 --- [           main] com.zaxxer.hikari.HikariDataSource       : HikariPool-1 - Starting...
2026-06-10T08:38:39.513+07:00  INFO 5928 --- [           main] com.zaxxer.hikari.pool.HikariPool        : HikariPool-1 - Added connection conn0: url=jdbc:h2:mem:kawai_db user=SA
2026-06-10T08:38:39.516+07:00  INFO 5928 --- [           main] com.zaxxer.hikari.HikariDataSource       : HikariPool-1 - Start completed.
2026-06-10T08:38:39.530+07:00  INFO 5928 --- [           main] o.s.b.a.h2.H2ConsoleAutoConfiguration    : H2 console available at '/h2-console'. Database available at 'jdbc:h2:mem:kawai_db'
2026-06-10T08:38:39.559+07:00 DEBUG 5928 --- [           main] o.s.b.w.s.ServletContextInitializerBeans : Mapping filters: springSecurityFilterChain urls=[/*] order=-100, characterEncodingFilter urls=[/*] order=-2147483648, formContentFilter urls=[/*] order=-9900, requestContextFilter urls=[/*] order=-105
2026-06-10T08:38:39.559+07:00 DEBUG 5928 --- [           main] o.s.b.w.s.ServletContextInitializerBeans : Mapping servlets: dispatcherServlet urls=[/], h2Console urls=[/h2-console/*]
2026-06-10T08:38:39.587+07:00 DEBUG 5928 --- [           main] o.s.b.w.s.f.OrderedRequestContextFilter  : Filter 'requestContextFilter' configured for use
2026-06-10T08:38:39.591+07:00 DEBUG 5928 --- [           main] s.b.w.s.f.OrderedCharacterEncodingFilter : Filter 'characterEncodingFilter' configured for use
2026-06-10T08:38:39.592+07:00 DEBUG 5928 --- [           main] .DelegatingFilterProxyRegistrationBean$1 : Filter 'springSecurityFilterChain' configured for use
2026-06-10T08:38:39.592+07:00 DEBUG 5928 --- [           main] o.s.b.w.s.f.OrderedFormContentFilter     : Filter 'formContentFilter' configured for use
2026-06-10T08:38:39.683+07:00  INFO 5928 --- [           main] o.hibernate.jpa.internal.util.LogHelper  : HHH000204: Processing PersistenceUnitInfo [name: default]
2026-06-10T08:38:39.786+07:00  INFO 5928 --- [           main] org.hibernate.Version                    : HHH000412: Hibernate ORM core version 6.4.4.Final
2026-06-10T08:38:39.841+07:00  INFO 5928 --- [           main] o.h.c.internal.RegionFactoryInitiator    : HHH000026: Second-level cache disabled
2026-06-10T08:38:40.189+07:00  INFO 5928 --- [           main] o.s.o.j.p.SpringPersistenceUnitInfo      : No LoadTimeWeaver setup: ignoring JPA class transformer
2026-06-10T08:38:40.240+07:00  WARN 5928 --- [           main] org.hibernate.orm.deprecation            : HHH90000025: H2Dialect does not need to be specified explicitly using 'hibernate.dialect' (remove the property setting and it will be selected by default)
2026-06-10T08:38:42.147+07:00  INFO 5928 --- [           main] o.h.e.t.j.p.i.JtaPlatformInitiator       : HHH000489: No JTA platform available (set 'hibernate.transaction.jta.platform' to enable JTA platform integration)
2026-06-10T08:38:42.175+07:00 DEBUG 5928 --- [           main] org.hibernate.SQL                        : drop table if exists accounts cascade 
Hibernate: drop table if exists accounts cascade 
2026-06-10T08:38:42.184+07:00 DEBUG 5928 --- [           main] org.hibernate.SQL                        : drop table if exists audit_logs cascade 
Hibernate: drop table if exists audit_logs cascade 
2026-06-10T08:38:42.185+07:00 DEBUG 5928 --- [           main] org.hibernate.SQL                        : drop table if exists bookings cascade 
Hibernate: drop table if exists bookings cascade 
2026-06-10T08:38:42.185+07:00 DEBUG 5928 --- [           main] org.hibernate.SQL                        : drop table if exists consolidated_invoices cascade 
Hibernate: drop table if exists consolidated_invoices cascade 
2026-06-10T08:38:42.186+07:00 DEBUG 5928 --- [           main] org.hibernate.SQL                        : drop table if exists customers cascade 
Hibernate: drop table if exists customers cascade 
2026-06-10T08:38:42.187+07:00 DEBUG 5928 --- [           main] org.hibernate.SQL                        : drop table if exists daily_rates cascade 
Hibernate: drop table if exists daily_rates cascade 
2026-06-10T08:38:42.188+07:00 DEBUG 5928 --- [           main] org.hibernate.SQL                        : drop table if exists dependents cascade 
Hibernate: drop table if exists dependents cascade 
2026-06-10T08:38:42.188+07:00 DEBUG 5928 --- [           main] org.hibernate.SQL                        : drop table if exists dynamic_pricing cascade 
Hibernate: drop table if exists dynamic_pricing cascade 
2026-06-10T08:38:42.189+07:00 DEBUG 5928 --- [           main] org.hibernate.SQL                        : drop table if exists employees cascade 
Hibernate: drop table if exists employees cascade 
2026-06-10T08:38:42.190+07:00 DEBUG 5928 --- [           main] org.hibernate.SQL                        : drop table if exists folio_items cascade 
Hibernate: drop table if exists folio_items cascade 
2026-06-10T08:38:42.191+07:00 DEBUG 5928 --- [           main] org.hibernate.SQL                        : drop table if exists food_order_details cascade 
Hibernate: drop table if exists food_order_details cascade 
2026-06-10T08:38:42.192+07:00 DEBUG 5928 --- [           main] org.hibernate.SQL                        : drop table if exists food_orders cascade 
Hibernate: drop table if exists food_orders cascade 
2026-06-10T08:38:42.192+07:00 DEBUG 5928 --- [           main] org.hibernate.SQL                        : drop table if exists hotel_operations cascade 
Hibernate: drop table if exists hotel_operations cascade 
2026-06-10T08:38:42.193+07:00 DEBUG 5928 --- [           main] org.hibernate.SQL                        : drop table if exists menu_items cascade 
Hibernate: drop table if exists menu_items cascade 
2026-06-10T08:38:42.194+07:00 DEBUG 5928 --- [           main] org.hibernate.SQL                        : drop table if exists payment_transactions cascade 
Hibernate: drop table if exists payment_transactions cascade 
2026-06-10T08:38:42.194+07:00 DEBUG 5928 --- [           main] org.hibernate.SQL                        : drop table if exists promotions cascade 
Hibernate: drop table if exists promotions cascade 
2026-06-10T08:38:42.196+07:00 DEBUG 5928 --- [           main] org.hibernate.SQL                        : drop table if exists restaurant_tables cascade 
Hibernate: drop table if exists restaurant_tables cascade 
2026-06-10T08:38:42.196+07:00 DEBUG 5928 --- [           main] org.hibernate.SQL                        : drop table if exists reviews cascade 
Hibernate: drop table if exists reviews cascade 
2026-06-10T08:38:42.197+07:00 DEBUG 5928 --- [           main] org.hibernate.SQL                        : drop table if exists roles cascade 
Hibernate: drop table if exists roles cascade 
2026-06-10T08:38:42.198+07:00 DEBUG 5928 --- [           main] org.hibernate.SQL                        : drop table if exists room_booking_details cascade 
Hibernate: drop table if exists room_booking_details cascade 
2026-06-10T08:38:42.198+07:00 DEBUG 5928 --- [           main] org.hibernate.SQL                        : drop table if exists room_bookings cascade 
Hibernate: drop table if exists room_bookings cascade 
2026-06-10T08:38:42.199+07:00 DEBUG 5928 --- [           main] org.hibernate.SQL                        : drop table if exists room_categories cascade 
Hibernate: drop table if exists room_categories cascade 
2026-06-10T08:38:42.200+07:00 DEBUG 5928 --- [           main] org.hibernate.SQL                        : drop table if exists rooms cascade 
Hibernate: drop table if exists rooms cascade 
2026-06-10T08:38:42.201+07:00 DEBUG 5928 --- [           main] org.hibernate.SQL                        : drop table if exists table_reservations cascade 
Hibernate: drop table if exists table_reservations cascade 
2026-06-10T08:38:42.202+07:00 DEBUG 5928 --- [           main] org.hibernate.SQL                        : drop table if exists tour_attendees cascade 
Hibernate: drop table if exists tour_attendees cascade 
2026-06-10T08:38:42.203+07:00 DEBUG 5928 --- [           main] org.hibernate.SQL                        : drop table if exists tour_bookings cascade 
Hibernate: drop table if exists tour_bookings cascade 
2026-06-10T08:38:42.204+07:00 DEBUG 5928 --- [           main] org.hibernate.SQL                        : drop table if exists tour_schedules cascade 
Hibernate: drop table if exists tour_schedules cascade 
2026-06-10T08:38:42.206+07:00 DEBUG 5928 --- [           main] org.hibernate.SQL                        : drop table if exists tour_staff_assignments cascade 
Hibernate: drop table if exists tour_staff_assignments cascade 
2026-06-10T08:38:42.207+07:00 DEBUG 5928 --- [           main] org.hibernate.SQL                        : drop table if exists tours cascade 
Hibernate: drop table if exists tours cascade 
2026-06-10T08:38:42.218+07:00 DEBUG 5928 --- [           main] org.hibernate.SQL                        : create table accounts (is_active boolean not null, account_id bigint generated by default as identity, created_at timestamp(6), role_id bigint not null, password_hash varchar(255) not null, username varchar(255) not null unique, primary key (account_id))
Hibernate: create table accounts (is_active boolean not null, account_id bigint generated by default as identity, created_at timestamp(6), role_id bigint not null, password_hash varchar(255) not null, username varchar(255) not null unique, primary key (account_id))
2026-06-10T08:38:42.237+07:00 DEBUG 5928 --- [           main] org.hibernate.SQL                        : create table audit_logs (account_id bigint, log_id bigint generated by default as identity, record_id bigint not null, timestamp timestamp(6) not null, action varchar(255) not null, ip_address varchar(255) not null, new_value TEXT, old_value TEXT, table_name varchar(255) not null, primary key (log_id))
Hibernate: create table audit_logs (account_id bigint, log_id bigint generated by default as identity, record_id bigint not null, timestamp timestamp(6) not null, action varchar(255) not null, ip_address varchar(255) not null, new_value TEXT, old_value TEXT, table_name varchar(255) not null, primary key (log_id))
2026-06-10T08:38:42.241+07:00 DEBUG 5928 --- [           main] org.hibernate.SQL                        : create table bookings (booking_date date not null, total_price numeric(38,2) not null, version integer not null, booking_id bigint generated by default as identity, customer_id bigint not null, booking_source varchar(255) not null, booking_status varchar(255) not null, primary key (booking_id))
Hibernate: create table bookings (booking_date date not null, total_price numeric(38,2) not null, version integer not null, booking_id bigint generated by default as identity, customer_id bigint not null, booking_source varchar(255) not null, booking_status varchar(255) not null, primary key (booking_id))
2026-06-10T08:38:42.244+07:00 DEBUG 5928 --- [           main] org.hibernate.SQL                        : create table consolidated_invoices (subtotal_before_vat numeric(38,2) not null, total_amount numeric(38,2) not null, vat_amount numeric(38,2) not null, booking_id bigint not null unique, invoice_id bigint generated by default as identity, issued_at timestamp(6) not null, promo_id bigint, invoice_number varchar(255) not null unique, invoice_status varchar(255) not null, primary key (invoice_id))
Hibernate: create table consolidated_invoices (subtotal_before_vat numeric(38,2) not null, total_amount numeric(38,2) not null, vat_amount numeric(38,2) not null, booking_id bigint not null unique, invoice_id bigint generated by default as identity, issued_at timestamp(6) not null, promo_id bigint, invoice_number varchar(255) not null unique, invoice_status varchar(255) not null, primary key (invoice_id))
2026-06-10T08:38:42.248+07:00 DEBUG 5928 --- [           main] org.hibernate.SQL                        : create table customers (loyalty_points integer not null, account_id bigint unique, customer_id bigint generated by default as identity, cccd_passport_encrypted varchar(255) unique, email varchar(255) not null unique, full_name varchar(255) not null, gender varchar(255) not null, membership_tier varchar(255) not null, phone varchar(255) not null, primary key (customer_id))
Hibernate: create table customers (loyalty_points integer not null, account_id bigint unique, customer_id bigint generated by default as identity, cccd_passport_encrypted varchar(255) unique, email varchar(255) not null unique, full_name varchar(255) not null, gender varchar(255) not null, membership_tier varchar(255) not null, phone varchar(255) not null, primary key (customer_id))
2026-06-10T08:38:42.252+07:00 DEBUG 5928 --- [           main] org.hibernate.SQL                        : create table daily_rates (computed_price numeric(38,2) not null, is_holiday boolean not null, is_weekend boolean not null, rate_date date not null, category_id bigint not null, daily_rate_id bigint generated by default as identity, primary key (daily_rate_id), unique (category_id, rate_date))
Hibernate: create table daily_rates (computed_price numeric(38,2) not null, is_holiday boolean not null, is_weekend boolean not null, rate_date date not null, category_id bigint not null, daily_rate_id bigint generated by default as identity, primary key (daily_rate_id), unique (category_id, rate_date))
2026-06-10T08:38:42.255+07:00 DEBUG 5928 --- [           main] org.hibernate.SQL                        : create table dependents (birth_date date not null, customer_id bigint not null, dependent_id bigint generated by default as identity, cccd_passport_encrypted varchar(255), dependent_name varchar(255) not null, gender varchar(255) not null, primary key (dependent_id))
Hibernate: create table dependents (birth_date date not null, customer_id bigint not null, dependent_id bigint generated by default as identity, cccd_passport_encrypted varchar(255), dependent_name varchar(255) not null, gender varchar(255) not null, primary key (dependent_id))
2026-06-10T08:38:42.258+07:00 DEBUG 5928 --- [           main] org.hibernate.SQL                        : create table dynamic_pricing (end_date date not null, price_modifier numeric(38,2) not null, start_date date not null, category_id bigint not null, price_id bigint generated by default as identity, primary key (price_id))
Hibernate: create table dynamic_pricing (end_date date not null, price_modifier numeric(38,2) not null, start_date date not null, category_id bigint not null, price_id bigint generated by default as identity, primary key (price_id))
2026-06-10T08:38:42.262+07:00 DEBUG 5928 --- [           main] org.hibernate.SQL                        : create table employees (salary numeric(38,2) not null, account_id bigint unique, employee_id bigint generated by default as identity, cccd varchar(255) not null unique, email varchar(255) not null unique, full_name varchar(255) not null, gender varchar(255) not null, phone varchar(255) not null, primary key (employee_id))
Hibernate: create table employees (salary numeric(38,2) not null, account_id bigint unique, employee_id bigint generated by default as identity, cccd varchar(255) not null unique, email varchar(255) not null unique, full_name varchar(255) not null, gender varchar(255) not null, phone varchar(255) not null, primary key (employee_id))
2026-06-10T08:38:42.268+07:00 DEBUG 5928 --- [           main] org.hibernate.SQL                        : create table folio_items (amount numeric(38,2) not null, is_settled_separately boolean not null, booking_id bigint not null, created_at timestamp(6) not null, created_by_staff_id bigint, folio_item_id bigint generated by default as identity, payer_customer_id bigint not null, room_booking_detail_id bigint, signature_img_url varchar(500), description varchar(255) not null, source_department varchar(255) not null, primary key (folio_item_id))
Hibernate: create table folio_items (amount numeric(38,2) not null, is_settled_separately boolean not null, booking_id bigint not null, created_at timestamp(6) not null, created_by_staff_id bigint, folio_item_id bigint generated by default as identity, payer_customer_id bigint not null, room_booking_detail_id bigint, signature_img_url varchar(500), description varchar(255) not null, source_department varchar(255) not null, primary key (folio_item_id))
2026-06-10T08:38:42.270+07:00 DEBUG 5928 --- [           main] org.hibernate.SQL                        : create table food_order_details (price_at_order numeric(38,2) not null, quantity integer not null, detail_id bigint generated by default as identity, item_id bigint not null, order_id bigint not null, kot_status varchar(255) not null, primary key (detail_id))
Hibernate: create table food_order_details (price_at_order numeric(38,2) not null, quantity integer not null, detail_id bigint generated by default as identity, item_id bigint not null, order_id bigint not null, kot_status varchar(255) not null, primary key (detail_id))
2026-06-10T08:38:42.272+07:00 DEBUG 5928 --- [           main] org.hibernate.SQL                        : create table food_orders (is_paid_in_pos boolean not null, booking_id bigint, created_by_staff_id bigint not null, kitchen_processed_by_id bigint, order_id bigint generated by default as identity, room_booking_detail_id bigint, table_id bigint, order_status varchar(255) not null, order_type varchar(255) not null, payment_type varchar(255) not null, primary key (order_id))
Hibernate: create table food_orders (is_paid_in_pos boolean not null, booking_id bigint, created_by_staff_id bigint not null, kitchen_processed_by_id bigint, order_id bigint generated by default as identity, room_booking_detail_id bigint, table_id bigint, order_status varchar(255) not null, order_type varchar(255) not null, payment_type varchar(255) not null, primary key (order_id))
2026-06-10T08:38:42.275+07:00 DEBUG 5928 --- [           main] org.hibernate.SQL                        : create table hotel_operations (completed_at timestamp(6), created_at timestamp(6) not null, room_id bigint not null, staff_id bigint not null, started_at timestamp(6), supervisor_id bigint not null, task_id bigint generated by default as identity, notes TEXT, operational_type varchar(255) not null, priority varchar(255) not null, status varchar(255) not null, primary key (task_id))
Hibernate: create table hotel_operations (completed_at timestamp(6), created_at timestamp(6) not null, room_id bigint not null, staff_id bigint not null, started_at timestamp(6), supervisor_id bigint not null, task_id bigint generated by default as identity, notes TEXT, operational_type varchar(255) not null, priority varchar(255) not null, status varchar(255) not null, primary key (task_id))
2026-06-10T08:38:42.280+07:00 DEBUG 5928 --- [           main] org.hibernate.SQL                        : create table menu_items (is_available boolean not null, price numeric(38,2) not null, item_id bigint generated by default as identity, category varchar(255) not null, item_name varchar(255) not null, primary key (item_id))
Hibernate: create table menu_items (is_available boolean not null, price numeric(38,2) not null, item_id bigint generated by default as identity, category varchar(255) not null, item_name varchar(255) not null, primary key (item_id))
2026-06-10T08:38:42.283+07:00 DEBUG 5928 --- [           main] org.hibernate.SQL                        : create table payment_transactions (amount numeric(38,2) not null, booking_id bigint not null, created_at timestamp(6) not null, invoice_id bigint not null, transaction_id bigint generated by default as identity, gateway_status varchar(255) not null, payment_method varchar(255) not null, transaction_ref varchar(255) not null unique, transaction_type varchar(255) not null, primary key (transaction_id))
Hibernate: create table payment_transactions (amount numeric(38,2) not null, booking_id bigint not null, created_at timestamp(6) not null, invoice_id bigint not null, transaction_id bigint generated by default as identity, gateway_status varchar(255) not null, payment_method varchar(255) not null, transaction_ref varchar(255) not null unique, transaction_type varchar(255) not null, primary key (transaction_id))
2026-06-10T08:38:42.286+07:00 DEBUG 5928 --- [           main] org.hibernate.SQL                        : create table promotions (current_uses integer not null, discount_value numeric(38,2) not null, is_active boolean not null, max_uses integer not null, valid_to date not null, promo_id bigint generated by default as identity, valid_from timestamp(6) not null, discount_type varchar(255) not null, promo_code varchar(255) not null unique, primary key (promo_id))
Hibernate: create table promotions (current_uses integer not null, discount_value numeric(38,2) not null, is_active boolean not null, max_uses integer not null, valid_to date not null, promo_id bigint generated by default as identity, valid_from timestamp(6) not null, discount_type varchar(255) not null, promo_code varchar(255) not null unique, primary key (promo_id))
2026-06-10T08:38:42.290+07:00 DEBUG 5928 --- [           main] org.hibernate.SQL                        : create table restaurant_tables (capacity integer not null, table_id bigint generated by default as identity, table_number varchar(255) not null unique, table_status varchar(255) not null, primary key (table_id))
Hibernate: create table restaurant_tables (capacity integer not null, table_id bigint generated by default as identity, table_number varchar(255) not null unique, table_status varchar(255) not null, primary key (table_id))
2026-06-10T08:38:42.293+07:00 DEBUG 5928 --- [           main] org.hibernate.SQL                        : create table reviews (rating_service integer not null, created_at timestamp(6) not null, customer_id bigint not null, moderated_by bigint, review_id bigint generated by default as identity, room_booking_detail_id bigint, tour_booking_id bigint, moderation_reason TEXT, moderation_status varchar(255) not null, review_text TEXT, primary key (review_id))
Hibernate: create table reviews (rating_service integer not null, created_at timestamp(6) not null, customer_id bigint not null, moderated_by bigint, review_id bigint generated by default as identity, room_booking_detail_id bigint, tour_booking_id bigint, moderation_reason TEXT, moderation_status varchar(255) not null, review_text TEXT, primary key (review_id))
2026-06-10T08:38:42.298+07:00 DEBUG 5928 --- [           main] org.hibernate.SQL                        : create table roles (role_id bigint generated by default as identity, role_name varchar(255) not null unique, primary key (role_id))
Hibernate: create table roles (role_id bigint generated by default as identity, role_name varchar(255) not null unique, primary key (role_id))
2026-06-10T08:38:42.301+07:00 DEBUG 5928 --- [           main] org.hibernate.SQL                        : create table room_booking_details (is_charge_to_room_allowed boolean not null, room_charge numeric(38,2) not null, sub_credit_limit numeric(38,2) not null, booking_id bigint not null, category_id bigint not null, customer_id bigint, dependent_id bigint, detail_id bigint generated by default as identity, room_id bigint, billing_routing_strategy varchar(255) not null, detail_status varchar(255) not null, primary key (detail_id))
Hibernate: create table room_booking_details (is_charge_to_room_allowed boolean not null, room_charge numeric(38,2) not null, sub_credit_limit numeric(38,2) not null, booking_id bigint not null, category_id bigint not null, customer_id bigint, dependent_id bigint, detail_id bigint generated by default as identity, room_id bigint, billing_routing_strategy varchar(255) not null, detail_status varchar(255) not null, primary key (detail_id))
2026-06-10T08:38:42.304+07:00 DEBUG 5928 --- [           main] org.hibernate.SQL                        : create table room_bookings (cancellation_deadline date not null, check_in_date date not null, check_out_date date not null, credit_limit numeric(38,2) not null, deposit_amount numeric(38,2) not null, booking_id bigint not null, personal_pin_hash varchar(255) not null, primary key (booking_id))
Hibernate: create table room_bookings (cancellation_deadline date not null, check_in_date date not null, check_out_date date not null, credit_limit numeric(38,2) not null, deposit_amount numeric(38,2) not null, booking_id bigint not null, personal_pin_hash varchar(255) not null, primary key (booking_id))
2026-06-10T08:38:42.306+07:00 DEBUG 5928 --- [           main] org.hibernate.SQL                        : create table room_categories (base_price numeric(38,2) not null, capacity integer not null, category_id bigint generated by default as identity, category_name varchar(255) not null, primary key (category_id))
Hibernate: create table room_categories (base_price numeric(38,2) not null, capacity integer not null, category_id bigint generated by default as identity, category_name varchar(255) not null, primary key (category_id))
2026-06-10T08:38:42.308+07:00 DEBUG 5928 --- [           main] org.hibernate.SQL                        : create table rooms (category_id bigint not null, current_booking_detail_id bigint, room_id bigint generated by default as identity, room_number varchar(255) not null unique, room_status varchar(255) not null, primary key (room_id))
Hibernate: create table rooms (category_id bigint not null, current_booking_detail_id bigint, room_id bigint generated by default as identity, room_number varchar(255) not null unique, room_status varchar(255) not null, primary key (room_id))
2026-06-10T08:38:42.311+07:00 DEBUG 5928 --- [           main] org.hibernate.SQL                        : create table table_reservations (deposit_amount numeric(38,2) not null, reserve_date date not null, reserve_time time(6) not null, customer_id bigint not null, reservation_id bigint generated by default as identity, table_id bigint not null, status varchar(255) not null, primary key (reservation_id))
Hibernate: create table table_reservations (deposit_amount numeric(38,2) not null, reserve_date date not null, reserve_time time(6) not null, customer_id bigint not null, reservation_id bigint generated by default as identity, table_id bigint not null, status varchar(255) not null, primary key (reservation_id))
2026-06-10T08:38:42.314+07:00 DEBUG 5928 --- [           main] org.hibernate.SQL                        : create table tour_attendees (is_checked_in boolean not null, attendee_id bigint generated by default as identity, customer_id bigint, dependent_id bigint, tour_booking_id bigint not null, face_vector_data TEXT, full_name varchar(255) not null, special_requirements TEXT, primary key (attendee_id))
Hibernate: create table tour_attendees (is_checked_in boolean not null, attendee_id bigint generated by default as identity, customer_id bigint, dependent_id bigint, tour_booking_id bigint not null, face_vector_data TEXT, full_name varchar(255) not null, special_requirements TEXT, primary key (attendee_id))
2026-06-10T08:38:42.316+07:00 DEBUG 5928 --- [           main] org.hibernate.SQL                        : create table tour_bookings (is_walk_in_tour boolean not null, participant_count integer not null, booking_id bigint not null, schedule_id bigint not null, primary key (booking_id))
Hibernate: create table tour_bookings (is_walk_in_tour boolean not null, participant_count integer not null, booking_id bigint not null, schedule_id bigint not null, primary key (booking_id))
2026-06-10T08:38:42.319+07:00 DEBUG 5928 --- [           main] org.hibernate.SQL                        : create table tour_schedules (available_slots integer not null, departure_date date not null, schedule_id bigint generated by default as identity, tour_id bigint not null, schedule_status varchar(255) not null, primary key (schedule_id))
Hibernate: create table tour_schedules (available_slots integer not null, departure_date date not null, schedule_id bigint generated by default as identity, tour_id bigint not null, schedule_status varchar(255) not null, primary key (schedule_id))
2026-06-10T08:38:42.321+07:00 DEBUG 5928 --- [           main] org.hibernate.SQL                        : create table tour_staff_assignments (assignment_id bigint generated by default as identity, employee_id bigint not null, schedule_id bigint not null, staff_role varchar(255) not null, primary key (assignment_id))
Hibernate: create table tour_staff_assignments (assignment_id bigint generated by default as identity, employee_id bigint not null, schedule_id bigint not null, staff_role varchar(255) not null, primary key (assignment_id))
2026-06-10T08:38:42.324+07:00 DEBUG 5928 --- [           main] org.hibernate.SQL                        : create table tours (base_price numeric(38,2) not null, max_capacity integer not null, tour_id bigint generated by default as identity, tour_name varchar(255) not null, tour_type varchar(255) not null, primary key (tour_id))
Hibernate: create table tours (base_price numeric(38,2) not null, max_capacity integer not null, tour_id bigint generated by default as identity, tour_name varchar(255) not null, tour_type varchar(255) not null, primary key (tour_id))
2026-06-10T08:38:42.326+07:00 DEBUG 5928 --- [           main] org.hibernate.SQL                        : alter table if exists accounts add constraint FKt3wava8ssfdspnh3hg4col3m1 foreign key (role_id) references roles
Hibernate: alter table if exists accounts add constraint FKt3wava8ssfdspnh3hg4col3m1 foreign key (role_id) references roles
2026-06-10T08:38:42.343+07:00 DEBUG 5928 --- [           main] org.hibernate.SQL                        : alter table if exists audit_logs add constraint FKkek8i3jbn3bfbkufnabud2qvb foreign key (account_id) references accounts
Hibernate: alter table if exists audit_logs add constraint FKkek8i3jbn3bfbkufnabud2qvb foreign key (account_id) references accounts
2026-06-10T08:38:42.345+07:00 DEBUG 5928 --- [           main] org.hibernate.SQL                        : alter table if exists bookings add constraint FKbvfibgflhsb0g2hnjauiv5khs foreign key (customer_id) references customers
Hibernate: alter table if exists bookings add constraint FKbvfibgflhsb0g2hnjauiv5khs foreign key (customer_id) references customers
2026-06-10T08:38:42.348+07:00 DEBUG 5928 --- [           main] org.hibernate.SQL                        : alter table if exists consolidated_invoices add constraint FK62jfa2c48ko50ft1iqf17ji7b foreign key (booking_id) references bookings
Hibernate: alter table if exists consolidated_invoices add constraint FK62jfa2c48ko50ft1iqf17ji7b foreign key (booking_id) references bookings
2026-06-10T08:38:42.351+07:00 DEBUG 5928 --- [           main] org.hibernate.SQL                        : alter table if exists consolidated_invoices add constraint FKqkiw2lur0uhuydvtujhe3o34w foreign key (promo_id) references promotions
Hibernate: alter table if exists consolidated_invoices add constraint FKqkiw2lur0uhuydvtujhe3o34w foreign key (promo_id) references promotions
2026-06-10T08:38:42.353+07:00 DEBUG 5928 --- [           main] org.hibernate.SQL                        : alter table if exists customers add constraint FKor0fx9fttvasr4grtaqnltyrl foreign key (account_id) references accounts
Hibernate: alter table if exists customers add constraint FKor0fx9fttvasr4grtaqnltyrl foreign key (account_id) references accounts
2026-06-10T08:38:42.356+07:00 DEBUG 5928 --- [           main] org.hibernate.SQL                        : alter table if exists daily_rates add constraint FKb18bir501srqxxpt7priqnsaw foreign key (category_id) references room_categories
Hibernate: alter table if exists daily_rates add constraint FKb18bir501srqxxpt7priqnsaw foreign key (category_id) references room_categories
2026-06-10T08:38:42.360+07:00 DEBUG 5928 --- [           main] org.hibernate.SQL                        : alter table if exists dependents add constraint FK6f15l4a97cq2w9qqocw27ytro foreign key (customer_id) references customers
Hibernate: alter table if exists dependents add constraint FK6f15l4a97cq2w9qqocw27ytro foreign key (customer_id) references customers
2026-06-10T08:38:42.363+07:00 DEBUG 5928 --- [           main] org.hibernate.SQL                        : alter table if exists dynamic_pricing add constraint FKgh6cbjecx1lxneilaxvdnlymb foreign key (category_id) references room_categories
Hibernate: alter table if exists dynamic_pricing add constraint FKgh6cbjecx1lxneilaxvdnlymb foreign key (category_id) references room_categories
2026-06-10T08:38:42.365+07:00 DEBUG 5928 --- [           main] org.hibernate.SQL                        : alter table if exists employees add constraint FK8dwhb0qmor08fl06pde1bef3c foreign key (account_id) references accounts
Hibernate: alter table if exists employees add constraint FK8dwhb0qmor08fl06pde1bef3c foreign key (account_id) references accounts
2026-06-10T08:38:42.367+07:00 DEBUG 5928 --- [           main] org.hibernate.SQL                        : alter table if exists folio_items add constraint FK8c13dhp9gi9yrasfp1bk7b1l4 foreign key (booking_id) references bookings
Hibernate: alter table if exists folio_items add constraint FK8c13dhp9gi9yrasfp1bk7b1l4 foreign key (booking_id) references bookings
2026-06-10T08:38:42.370+07:00 DEBUG 5928 --- [           main] org.hibernate.SQL                        : alter table if exists folio_items add constraint FKcdpbxl23lricxiiy2epc7gikh foreign key (created_by_staff_id) references employees
Hibernate: alter table if exists folio_items add constraint FKcdpbxl23lricxiiy2epc7gikh foreign key (created_by_staff_id) references employees
2026-06-10T08:38:42.372+07:00 DEBUG 5928 --- [           main] org.hibernate.SQL                        : alter table if exists folio_items add constraint FK95e5r8j42n1lfwrv6cvvexrg0 foreign key (payer_customer_id) references customers
Hibernate: alter table if exists folio_items add constraint FK95e5r8j42n1lfwrv6cvvexrg0 foreign key (payer_customer_id) references customers
2026-06-10T08:38:42.375+07:00 DEBUG 5928 --- [           main] org.hibernate.SQL                        : alter table if exists folio_items add constraint FKqwabtcqv7ncst3t5mpb9strd2 foreign key (room_booking_detail_id) references room_booking_details
Hibernate: alter table if exists folio_items add constraint FKqwabtcqv7ncst3t5mpb9strd2 foreign key (room_booking_detail_id) references room_booking_details
2026-06-10T08:38:42.379+07:00 DEBUG 5928 --- [           main] org.hibernate.SQL                        : alter table if exists food_order_details add constraint FK7fjiqyavm5y5miw98a35r9dit foreign key (order_id) references food_orders
Hibernate: alter table if exists food_order_details add constraint FK7fjiqyavm5y5miw98a35r9dit foreign key (order_id) references food_orders
2026-06-10T08:38:42.382+07:00 DEBUG 5928 --- [           main] org.hibernate.SQL                        : alter table if exists food_order_details add constraint FKb6kvesmry513nnc25u2txnf9o foreign key (item_id) references menu_items
Hibernate: alter table if exists food_order_details add constraint FKb6kvesmry513nnc25u2txnf9o foreign key (item_id) references menu_items
2026-06-10T08:38:42.385+07:00 DEBUG 5928 --- [           main] org.hibernate.SQL                        : alter table if exists food_orders add constraint FK52gyxp2h6idrw84kjlfmea669 foreign key (booking_id) references bookings
Hibernate: alter table if exists food_orders add constraint FK52gyxp2h6idrw84kjlfmea669 foreign key (booking_id) references bookings
2026-06-10T08:38:42.387+07:00 DEBUG 5928 --- [           main] org.hibernate.SQL                        : alter table if exists food_orders add constraint FKkotopm1yxhece8khi5x1qltl3 foreign key (created_by_staff_id) references employees
Hibernate: alter table if exists food_orders add constraint FKkotopm1yxhece8khi5x1qltl3 foreign key (created_by_staff_id) references employees
2026-06-10T08:38:42.391+07:00 DEBUG 5928 --- [           main] org.hibernate.SQL                        : alter table if exists food_orders add constraint FKfaxmft49t18ir2uhtwx3xjeav foreign key (kitchen_processed_by_id) references employees
Hibernate: alter table if exists food_orders add constraint FKfaxmft49t18ir2uhtwx3xjeav foreign key (kitchen_processed_by_id) references employees
2026-06-10T08:38:42.396+07:00 DEBUG 5928 --- [           main] org.hibernate.SQL                        : alter table if exists food_orders add constraint FKh04pqlq4hadhugv01oapfxm1s foreign key (room_booking_detail_id) references room_booking_details
Hibernate: alter table if exists food_orders add constraint FKh04pqlq4hadhugv01oapfxm1s foreign key (room_booking_detail_id) references room_booking_details
2026-06-10T08:38:42.400+07:00 DEBUG 5928 --- [           main] org.hibernate.SQL                        : alter table if exists food_orders add constraint FKjmdf3j4tcclq4xrwswgsd5rqt foreign key (table_id) references restaurant_tables
Hibernate: alter table if exists food_orders add constraint FKjmdf3j4tcclq4xrwswgsd5rqt foreign key (table_id) references restaurant_tables
2026-06-10T08:38:42.403+07:00 DEBUG 5928 --- [           main] org.hibernate.SQL                        : alter table if exists hotel_operations add constraint FKa92e8c5gx5cd8u5ks0dsrwdjf foreign key (room_id) references rooms
Hibernate: alter table if exists hotel_operations add constraint FKa92e8c5gx5cd8u5ks0dsrwdjf foreign key (room_id) references rooms
2026-06-10T08:38:42.405+07:00 DEBUG 5928 --- [           main] org.hibernate.SQL                        : alter table if exists hotel_operations add constraint FKnf75ejfo8hmrct2q4ju719am2 foreign key (staff_id) references employees
Hibernate: alter table if exists hotel_operations add constraint FKnf75ejfo8hmrct2q4ju719am2 foreign key (staff_id) references employees
2026-06-10T08:38:42.407+07:00 DEBUG 5928 --- [           main] org.hibernate.SQL                        : alter table if exists hotel_operations add constraint FK50tgh7cf7rto30yi7wwr26wkj foreign key (supervisor_id) references employees
Hibernate: alter table if exists hotel_operations add constraint FK50tgh7cf7rto30yi7wwr26wkj foreign key (supervisor_id) references employees
2026-06-10T08:38:42.411+07:00 DEBUG 5928 --- [           main] org.hibernate.SQL                        : alter table if exists payment_transactions add constraint FKoij4h3g5n6kn5g6743g7viepj foreign key (booking_id) references bookings
Hibernate: alter table if exists payment_transactions add constraint FKoij4h3g5n6kn5g6743g7viepj foreign key (booking_id) references bookings
2026-06-10T08:38:42.413+07:00 DEBUG 5928 --- [           main] org.hibernate.SQL                        : alter table if exists payment_transactions add constraint FKndj4cx6gndor5lins7m569er0 foreign key (invoice_id) references consolidated_invoices
Hibernate: alter table if exists payment_transactions add constraint FKndj4cx6gndor5lins7m569er0 foreign key (invoice_id) references consolidated_invoices
2026-06-10T08:38:42.417+07:00 DEBUG 5928 --- [           main] org.hibernate.SQL                        : alter table if exists reviews add constraint FK4sm0k8kw740iyuex3vwwv1etu foreign key (customer_id) references customers
Hibernate: alter table if exists reviews add constraint FK4sm0k8kw740iyuex3vwwv1etu foreign key (customer_id) references customers
2026-06-10T08:38:42.420+07:00 DEBUG 5928 --- [           main] org.hibernate.SQL                        : alter table if exists reviews add constraint FKbmj8omijvqn9mnhxykf9h0fqe foreign key (moderated_by) references employees
Hibernate: alter table if exists reviews add constraint FKbmj8omijvqn9mnhxykf9h0fqe foreign key (moderated_by) references employees
2026-06-10T08:38:42.424+07:00 DEBUG 5928 --- [           main] org.hibernate.SQL                        : alter table if exists reviews add constraint FKra0eu0f0gqbjvtw31pv9kc5q8 foreign key (room_booking_detail_id) references room_booking_details
Hibernate: alter table if exists reviews add constraint FKra0eu0f0gqbjvtw31pv9kc5q8 foreign key (room_booking_detail_id) references room_booking_details
2026-06-10T08:38:42.427+07:00 DEBUG 5928 --- [           main] org.hibernate.SQL                        : alter table if exists reviews add constraint FK5xuntf5si0pmk9oyf2y4epqbi foreign key (tour_booking_id) references tour_bookings
Hibernate: alter table if exists reviews add constraint FK5xuntf5si0pmk9oyf2y4epqbi foreign key (tour_booking_id) references tour_bookings
2026-06-10T08:38:42.431+07:00 DEBUG 5928 --- [           main] org.hibernate.SQL                        : alter table if exists room_booking_details add constraint FKakm4ta3qh3hxk2nxfn8ukayab foreign key (category_id) references room_categories
Hibernate: alter table if exists room_booking_details add constraint FKakm4ta3qh3hxk2nxfn8ukayab foreign key (category_id) references room_categories
2026-06-10T08:38:42.434+07:00 DEBUG 5928 --- [           main] org.hibernate.SQL                        : alter table if exists room_booking_details add constraint FK1h61tgsy7yryvl1bnc5n2dird foreign key (customer_id) references customers
Hibernate: alter table if exists room_booking_details add constraint FK1h61tgsy7yryvl1bnc5n2dird foreign key (customer_id) references customers
2026-06-10T08:38:42.440+07:00 DEBUG 5928 --- [           main] org.hibernate.SQL                        : alter table if exists room_booking_details add constraint FKgctk3lm0km9h7e16tdnb38ksg foreign key (dependent_id) references dependents
Hibernate: alter table if exists room_booking_details add constraint FKgctk3lm0km9h7e16tdnb38ksg foreign key (dependent_id) references dependents
2026-06-10T08:38:42.442+07:00 DEBUG 5928 --- [           main] org.hibernate.SQL                        : alter table if exists room_booking_details add constraint FKswsawchuytgaxjkl6ns88exw8 foreign key (room_id) references rooms
Hibernate: alter table if exists room_booking_details add constraint FKswsawchuytgaxjkl6ns88exw8 foreign key (room_id) references rooms
2026-06-10T08:38:42.444+07:00 DEBUG 5928 --- [           main] org.hibernate.SQL                        : alter table if exists room_booking_details add constraint FKbk4gdhkbf14exigrfv61432io foreign key (booking_id) references room_bookings
Hibernate: alter table if exists room_booking_details add constraint FKbk4gdhkbf14exigrfv61432io foreign key (booking_id) references room_bookings
2026-06-10T08:38:42.447+07:00 DEBUG 5928 --- [           main] org.hibernate.SQL                        : alter table if exists room_bookings add constraint FKd1x54stheftxh2ble9au6e6gs foreign key (booking_id) references bookings
Hibernate: alter table if exists room_bookings add constraint FKd1x54stheftxh2ble9au6e6gs foreign key (booking_id) references bookings
2026-06-10T08:38:42.449+07:00 DEBUG 5928 --- [           main] org.hibernate.SQL                        : alter table if exists rooms add constraint FKs3ya1bmk1lymqudi59qf826vl foreign key (category_id) references room_categories
Hibernate: alter table if exists rooms add constraint FKs3ya1bmk1lymqudi59qf826vl foreign key (category_id) references room_categories
2026-06-10T08:38:42.453+07:00 DEBUG 5928 --- [           main] org.hibernate.SQL                        : alter table if exists table_reservations add constraint FKt0971n7vbjvoo6cyo0y80j3e2 foreign key (customer_id) references customers
Hibernate: alter table if exists table_reservations add constraint FKt0971n7vbjvoo6cyo0y80j3e2 foreign key (customer_id) references customers
2026-06-10T08:38:42.457+07:00 DEBUG 5928 --- [           main] org.hibernate.SQL                        : alter table if exists table_reservations add constraint FKkmjmq5s4p7o8cxxdk0nau57on foreign key (table_id) references restaurant_tables
Hibernate: alter table if exists table_reservations add constraint FKkmjmq5s4p7o8cxxdk0nau57on foreign key (table_id) references restaurant_tables
2026-06-10T08:38:42.461+07:00 DEBUG 5928 --- [           main] org.hibernate.SQL                        : alter table if exists tour_attendees add constraint FKoni9y0y9rnbnjkbqkvqeoe5ob foreign key (customer_id) references customers
Hibernate: alter table if exists tour_attendees add constraint FKoni9y0y9rnbnjkbqkvqeoe5ob foreign key (customer_id) references customers
2026-06-10T08:38:42.463+07:00 DEBUG 5928 --- [           main] org.hibernate.SQL                        : alter table if exists tour_attendees add constraint FK8ptgjoh52p5s3m60t30as7noa foreign key (dependent_id) references dependents
Hibernate: alter table if exists tour_attendees add constraint FK8ptgjoh52p5s3m60t30as7noa foreign key (dependent_id) references dependents
2026-06-10T08:38:42.465+07:00 DEBUG 5928 --- [           main] org.hibernate.SQL                        : alter table if exists tour_attendees add constraint FK7dohhkq5au7vofbcmddbg8oov foreign key (tour_booking_id) references tour_bookings
Hibernate: alter table if exists tour_attendees add constraint FK7dohhkq5au7vofbcmddbg8oov foreign key (tour_booking_id) references tour_bookings
2026-06-10T08:38:42.468+07:00 DEBUG 5928 --- [           main] org.hibernate.SQL                        : alter table if exists tour_bookings add constraint FKfvtcwj08qbv9cc0cb1n601ion foreign key (schedule_id) references tour_schedules
Hibernate: alter table if exists tour_bookings add constraint FKfvtcwj08qbv9cc0cb1n601ion foreign key (schedule_id) references tour_schedules
2026-06-10T08:38:42.472+07:00 DEBUG 5928 --- [           main] org.hibernate.SQL                        : alter table if exists tour_bookings add constraint FKe47gg5sbtsv3alxaaidgakqa8 foreign key (booking_id) references bookings
Hibernate: alter table if exists tour_bookings add constraint FKe47gg5sbtsv3alxaaidgakqa8 foreign key (booking_id) references bookings
2026-06-10T08:38:42.474+07:00 DEBUG 5928 --- [           main] org.hibernate.SQL                        : alter table if exists tour_schedules add constraint FKa7bvkxeyqhbppi24qimguq9un foreign key (tour_id) references tours
Hibernate: alter table if exists tour_schedules add constraint FKa7bvkxeyqhbppi24qimguq9un foreign key (tour_id) references tours
2026-06-10T08:38:42.476+07:00 DEBUG 5928 --- [           main] org.hibernate.SQL                        : alter table if exists tour_staff_assignments add constraint FK6hctc4802ybl5sn7byick6j10 foreign key (employee_id) references employees
Hibernate: alter table if exists tour_staff_assignments add constraint FK6hctc4802ybl5sn7byick6j10 foreign key (employee_id) references employees
2026-06-10T08:38:42.479+07:00 DEBUG 5928 --- [           main] org.hibernate.SQL                        : alter table if exists tour_staff_assignments add constraint FKjso4c36e4gh6fcoeny4th07vi foreign key (schedule_id) references tour_schedules
Hibernate: alter table if exists tour_staff_assignments add constraint FKjso4c36e4gh6fcoeny4th07vi foreign key (schedule_id) references tour_schedules
2026-06-10T08:38:42.487+07:00  INFO 5928 --- [           main] j.LocalContainerEntityManagerFactoryBean : Initialized JPA EntityManagerFactory for persistence unit 'default'
2026-06-10T08:38:43.144+07:00  WARN 5928 --- [           main] JpaBaseConfiguration$JpaWebConfiguration : spring.jpa.open-in-view is enabled by default. Therefore, database queries may be performed during view rendering. Explicitly configure spring.jpa.open-in-view to disable this warning
2026-06-10T08:38:43.471+07:00 DEBUG 5928 --- [           main] s.w.s.m.m.a.RequestMappingHandlerMapping : 21 mappings in 'requestMappingHandlerMapping'
2026-06-10T08:38:43.558+07:00 DEBUG 5928 --- [           main] o.s.w.s.handler.SimpleUrlHandlerMapping  : Patterns [/webjars/**, /**] in 'resourceHandlerMapping'
2026-06-10T08:38:43.636+07:00  INFO 5928 --- [           main] o.s.s.web.DefaultSecurityFilterChain     : Will secure any request with [org.springframework.security.web.session.DisableEncodeUrlFilter@2b0483f2, org.springframework.security.web.context.request.async.WebAsyncManagerIntegrationFilter@b8e6981, org.springframework.security.web.context.SecurityContextHolderFilter@3803bc1a, org.springframework.security.web.header.HeaderWriterFilter@1f40bb80, org.springframework.web.filter.CorsFilter@1e40edb7, org.springframework.security.web.authentication.logout.LogoutFilter@258ff54a, org.springframework.security.oauth2.client.web.OAuth2AuthorizationRequestRedirectFilter@1d9295e2, org.springframework.security.oauth2.client.web.OAuth2LoginAuthenticationFilter@6def1699, org.springframework.security.web.authentication.UsernamePasswordAuthenticationFilter@535b016, org.springframework.security.web.savedrequest.RequestCacheAwareFilter@39a8c08f, org.springframework.security.web.servletapi.SecurityContextHolderAwareRequestFilter@5c0d876c, org.springframework.security.web.authentication.AnonymousAuthenticationFilter@27381497, org.springframework.security.web.access.ExceptionTranslationFilter@6223dbed, org.springframework.security.web.access.intercept.AuthorizationFilter@1df77353]
2026-06-10T08:38:43.718+07:00 DEBUG 5928 --- [           main] s.w.s.m.m.a.RequestMappingHandlerAdapter : ControllerAdvice beans: 0 @ModelAttribute, 0 @InitBinder, 1 RequestBodyAdvice, 1 ResponseBodyAdvice
2026-06-10T08:38:43.758+07:00 DEBUG 5928 --- [           main] .m.m.a.ExceptionHandlerExceptionResolver : ControllerAdvice beans: 0 @ExceptionHandler, 1 ResponseBodyAdvice
2026-06-10T08:38:43.962+07:00  INFO 5928 --- [           main] o.s.b.w.embedded.tomcat.TomcatWebServer  : Tomcat started on port 8080 (http) with context path ''
2026-06-10T08:38:43.982+07:00 DEBUG 5928 --- [           main] .s.b.a.l.ConditionEvaluationReportLogger : 


============================
CONDITIONS EVALUATION REPORT
============================


Positive matches:
-----------------

   AopAutoConfiguration matched:
      - @ConditionalOnProperty (spring.aop.auto=true) matched (OnPropertyCondition)

   AopAutoConfiguration.AspectJAutoProxyingConfiguration matched:
      - @ConditionalOnClass found required class 'org.aspectj.weaver.Advice' (OnClassCondition)

   AopAutoConfiguration.AspectJAutoProxyingConfiguration.CglibAutoProxyConfiguration matched:
      - @ConditionalOnProperty (spring.aop.proxy-target-class=true) matched (OnPropertyCondition)

   ApplicationAvailabilityAutoConfiguration#applicationAvailability matched:
      - @ConditionalOnMissingBean (types: org.springframework.boot.availability.ApplicationAvailability; SearchStrategy: all) did not find any beans (OnBeanCondition)

   DataSourceAutoConfiguration matched:
      - @ConditionalOnClass found required classes 'javax.sql.DataSource', 'org.springframework.jdbc.datasource.embedded.EmbeddedDatabaseType' (OnClassCondition)
      - @ConditionalOnMissingBean (types: io.r2dbc.spi.ConnectionFactory; SearchStrategy: all) did not find any beans (OnBeanCondition)

   DataSourceAutoConfiguration.PooledDataSourceConfiguration matched:
      - AnyNestedCondition 1 matched 1 did not; NestedCondition on DataSourceAutoConfiguration.PooledDataSourceCondition.PooledDataSourceAvailable PooledDataSource found supported DataSource; NestedCondition on DataSourceAutoConfiguration.PooledDataSourceCondition.ExplicitType @ConditionalOnProperty (spring.datasource.type) did not find property 'type' (DataSourceAutoConfiguration.PooledDataSourceCondition)
      - @ConditionalOnMissingBean (types: javax.sql.DataSource,javax.sql.XADataSource; SearchStrategy: all) did not find any beans (OnBeanCondition)

   DataSourceAutoConfiguration.PooledDataSourceConfiguration#jdbcConnectionDetails matched:
      - @ConditionalOnMissingBean (types: org.springframework.boot.autoconfigure.jdbc.JdbcConnectionDetails; SearchStrategy: all) did not find any beans (OnBeanCondition)

   DataSourceConfiguration.Hikari matched:
      - @ConditionalOnClass found required class 'com.zaxxer.hikari.HikariDataSource' (OnClassCondition)
      - @ConditionalOnProperty (spring.datasource.type=com.zaxxer.hikari.HikariDataSource) matched (OnPropertyCondition)
      - @ConditionalOnMissingBean (types: javax.sql.DataSource; SearchStrategy: all) did not find any beans (OnBeanCondition)

   DataSourceInitializationConfiguration matched:
      - @ConditionalOnClass found required class 'org.springframework.jdbc.datasource.init.DatabasePopulator' (OnClassCondition)
      - @ConditionalOnSingleCandidate (types: javax.sql.DataSource; SearchStrategy: all) found a single bean 'dataSource'; @ConditionalOnMissingBean (types: org.springframework.boot.autoconfigure.sql.init.SqlDataSourceScriptDatabaseInitializer,org.springframework.boot.autoconfigure.sql.init.SqlR2dbcScriptDatabaseInitializer; SearchStrategy: all) did not find any beans (OnBeanCondition)

   DataSourceJmxConfiguration matched:
      - @ConditionalOnProperty (spring.jmx.enabled=true) matched (OnPropertyCondition)

   DataSourceJmxConfiguration.Hikari matched:
      - @ConditionalOnClass found required class 'com.zaxxer.hikari.HikariDataSource' (OnClassCondition)
      - @ConditionalOnSingleCandidate (types: javax.sql.DataSource; SearchStrategy: all) found a single bean 'dataSource' (OnBeanCondition)

   DataSourcePoolMetadataProvidersConfiguration.HikariPoolDataSourceMetadataProviderConfiguration matched:
      - @ConditionalOnClass found required class 'com.zaxxer.hikari.HikariDataSource' (OnClassCondition)

   DataSourceTransactionManagerAutoConfiguration matched:
      - @ConditionalOnClass found required classes 'org.springframework.jdbc.core.JdbcTemplate', 'org.springframework.transaction.TransactionManager' (OnClassCondition)

   DataSourceTransactionManagerAutoConfiguration.JdbcTransactionManagerConfiguration matched:
      - @ConditionalOnSingleCandidate (types: javax.sql.DataSource; SearchStrategy: all) found a single bean 'dataSource' (OnBeanCondition)

   DispatcherServletAutoConfiguration matched:
      - @ConditionalOnClass found required class 'org.springframework.web.servlet.DispatcherServlet' (OnClassCondition)
      - found 'session' scope (OnWebApplicationCondition)

   DispatcherServletAutoConfiguration.DispatcherServletConfiguration matched:
      - @ConditionalOnClass found required class 'jakarta.servlet.ServletRegistration' (OnClassCondition)
      - Default DispatcherServlet did not find dispatcher servlet beans (DispatcherServletAutoConfiguration.DefaultDispatcherServletCondition)

   DispatcherServletAutoConfiguration.DispatcherServletRegistrationConfiguration matched:
      - @ConditionalOnClass found required class 'jakarta.servlet.ServletRegistration' (OnClassCondition)
      - DispatcherServlet Registration did not find servlet registration bean (DispatcherServletAutoConfiguration.DispatcherServletRegistrationCondition)

   DispatcherServletAutoConfiguration.DispatcherServletRegistrationConfiguration#dispatcherServletRegistration matched:
      - @ConditionalOnBean (names: dispatcherServlet types: org.springframework.web.servlet.DispatcherServlet; SearchStrategy: all) found bean 'dispatcherServlet' (OnBeanCondition)

   EmbeddedWebServerFactoryCustomizerAutoConfiguration matched:
      - @ConditionalOnWebApplication (required) found 'session' scope (OnWebApplicationCondition)
      - @ConditionalOnWarDeployment the application is not deployed as a WAR file. (OnWarDeploymentCondition)

   EmbeddedWebServerFactoryCustomizerAutoConfiguration.TomcatWebServerFactoryCustomizerConfiguration matched:
      - @ConditionalOnClass found required classes 'org.apache.catalina.startup.Tomcat', 'org.apache.coyote.UpgradeProtocol' (OnClassCondition)

   ErrorMvcAutoConfiguration matched:
      - @ConditionalOnClass found required classes 'jakarta.servlet.Servlet', 'org.springframework.web.servlet.DispatcherServlet' (OnClassCondition)
      - found 'session' scope (OnWebApplicationCondition)

   ErrorMvcAutoConfiguration#basicErrorController matched:
      - @ConditionalOnMissingBean (types: org.springframework.boot.web.servlet.error.ErrorController; SearchStrategy: current) did not find any beans (OnBeanCondition)

   ErrorMvcAutoConfiguration#errorAttributes matched:
      - @ConditionalOnMissingBean (types: org.springframework.boot.web.servlet.error.ErrorAttributes; SearchStrategy: current) did not find any beans (OnBeanCondition)

   ErrorMvcAutoConfiguration.DefaultErrorViewResolverConfiguration#conventionErrorViewResolver matched:
      - @ConditionalOnBean (types: org.springframework.web.servlet.DispatcherServlet; SearchStrategy: all) found bean 'dispatcherServlet'; @ConditionalOnMissingBean (types: org.springframework.boot.autoconfigure.web.servlet.error.ErrorViewResolver; SearchStrategy: all) did not find any beans (OnBeanCondition)

   ErrorMvcAutoConfiguration.WhitelabelErrorViewConfiguration matched:
      - @ConditionalOnProperty (server.error.whitelabel.enabled) matched (OnPropertyCondition)
      - ErrorTemplate Missing did not find error template view (ErrorMvcAutoConfiguration.ErrorTemplateMissingCondition)

   ErrorMvcAutoConfiguration.WhitelabelErrorViewConfiguration#beanNameViewResolver matched:
      - @ConditionalOnMissingBean (types: org.springframework.web.servlet.view.BeanNameViewResolver; SearchStrategy: all) did not find any beans (OnBeanCondition)

   ErrorMvcAutoConfiguration.WhitelabelErrorViewConfiguration#defaultErrorView matched:
      - @ConditionalOnMissingBean (names: error; SearchStrategy: all) did not find any beans (OnBeanCondition)

   GenericCacheConfiguration matched:
      - Cache org.springframework.boot.autoconfigure.cache.GenericCacheConfiguration automatic cache type (CacheCondition)

   H2ConsoleAutoConfiguration matched:
      - @ConditionalOnClass found required class 'org.h2.server.web.JakartaWebServlet' (OnClassCondition)
      - found 'session' scope (OnWebApplicationCondition)
      - @ConditionalOnProperty (spring.h2.console.enabled=true) matched (OnPropertyCondition)

   HibernateJpaAutoConfiguration matched:
      - @ConditionalOnClass found required classes 'org.springframework.orm.jpa.LocalContainerEntityManagerFactoryBean', 'jakarta.persistence.EntityManager', 'org.hibernate.engine.spi.SessionImplementor' (OnClassCondition)

   HibernateJpaConfiguration matched:
      - @ConditionalOnSingleCandidate (types: javax.sql.DataSource; SearchStrategy: all) found a single bean 'dataSource' (OnBeanCondition)

   HttpEncodingAutoConfiguration matched:
      - @ConditionalOnClass found required class 'org.springframework.web.filter.CharacterEncodingFilter' (OnClassCondition)
      - found 'session' scope (OnWebApplicationCondition)
      - @ConditionalOnProperty (server.servlet.encoding.enabled) matched (OnPropertyCondition)

   HttpEncodingAutoConfiguration#characterEncodingFilter matched:
      - @ConditionalOnMissingBean (types: org.springframework.web.filter.CharacterEncodingFilter; SearchStrategy: all) did not find any beans (OnBeanCondition)

   HttpMessageConvertersAutoConfiguration matched:
      - @ConditionalOnClass found required class 'org.springframework.http.converter.HttpMessageConverter' (OnClassCondition)
      - NoneNestedConditions 0 matched 1 did not; NestedCondition on HttpMessageConvertersAutoConfiguration.NotReactiveWebApplicationCondition.ReactiveWebApplication did not find reactive web application classes (HttpMessageConvertersAutoConfiguration.NotReactiveWebApplicationCondition)

   HttpMessageConvertersAutoConfiguration#messageConverters matched:
      - @ConditionalOnMissingBean (types: org.springframework.boot.autoconfigure.http.HttpMessageConverters; SearchStrategy: all) did not find any beans (OnBeanCondition)

   HttpMessageConvertersAutoConfiguration.StringHttpMessageConverterConfiguration matched:
      - @ConditionalOnClass found required class 'org.springframework.http.converter.StringHttpMessageConverter' (OnClassCondition)

   HttpMessageConvertersAutoConfiguration.StringHttpMessageConverterConfiguration#stringHttpMessageConverter matched:
      - @ConditionalOnMissingBean (types: org.springframework.http.converter.StringHttpMessageConverter; SearchStrategy: all) did not find any beans (OnBeanCondition)

   JacksonAutoConfiguration matched:
      - @ConditionalOnClass found required class 'com.fasterxml.jackson.databind.ObjectMapper' (OnClassCondition)

   JacksonAutoConfiguration.Jackson2ObjectMapperBuilderCustomizerConfiguration matched:
      - @ConditionalOnClass found required class 'org.springframework.http.converter.json.Jackson2ObjectMapperBuilder' (OnClassCondition)

   JacksonAutoConfiguration.JacksonObjectMapperBuilderConfiguration matched:
      - @ConditionalOnClass found required class 'org.springframework.http.converter.json.Jackson2ObjectMapperBuilder' (OnClassCondition)

   JacksonAutoConfiguration.JacksonObjectMapperBuilderConfiguration#jacksonObjectMapperBuilder matched:
      - @ConditionalOnMissingBean (types: org.springframework.http.converter.json.Jackson2ObjectMapperBuilder; SearchStrategy: all) did not find any beans (OnBeanCondition)

   JacksonAutoConfiguration.JacksonObjectMapperConfiguration matched:
      - @ConditionalOnClass found required class 'org.springframework.http.converter.json.Jackson2ObjectMapperBuilder' (OnClassCondition)

   JacksonAutoConfiguration.JacksonObjectMapperConfiguration#jacksonObjectMapper matched:
      - @ConditionalOnMissingBean (types: com.fasterxml.jackson.databind.ObjectMapper; SearchStrategy: all) did not find any beans (OnBeanCondition)

   JacksonAutoConfiguration.ParameterNamesModuleConfiguration matched:
      - @ConditionalOnClass found required class 'com.fasterxml.jackson.module.paramnames.ParameterNamesModule' (OnClassCondition)

   JacksonAutoConfiguration.ParameterNamesModuleConfiguration#parameterNamesModule matched:
      - @ConditionalOnMissingBean (types: com.fasterxml.jackson.module.paramnames.ParameterNamesModule; SearchStrategy: all) did not find any beans (OnBeanCondition)

   JacksonHttpMessageConvertersConfiguration.MappingJackson2HttpMessageConverterConfiguration matched:
      - @ConditionalOnClass found required class 'com.fasterxml.jackson.databind.ObjectMapper' (OnClassCondition)
      - @ConditionalOnProperty (spring.mvc.converters.preferred-json-mapper=jackson) matched (OnPropertyCondition)
      - @ConditionalOnBean (types: com.fasterxml.jackson.databind.ObjectMapper; SearchStrategy: all) found bean 'jacksonObjectMapper' (OnBeanCondition)

   JacksonHttpMessageConvertersConfiguration.MappingJackson2HttpMessageConverterConfiguration#mappingJackson2HttpMessageConverter matched:
      - @ConditionalOnMissingBean (types: org.springframework.http.converter.json.MappingJackson2HttpMessageConverter ignored: org.springframework.hateoas.server.mvc.TypeConstrainedMappingJackson2HttpMessageConverter,org.springframework.data.rest.webmvc.alps.AlpsJsonHttpMessageConverter; SearchStrategy: all) did not find any beans (OnBeanCondition)

   JdbcClientAutoConfiguration matched:
      - @ConditionalOnSingleCandidate (types: org.springframework.jdbc.core.namedparam.NamedParameterJdbcTemplate; SearchStrategy: all) found a single bean 'namedParameterJdbcTemplate'; @ConditionalOnMissingBean (types: org.springframework.jdbc.core.simple.JdbcClient; SearchStrategy: all) did not find any beans (OnBeanCondition)

   JdbcTemplateAutoConfiguration matched:
      - @ConditionalOnClass found required classes 'javax.sql.DataSource', 'org.springframework.jdbc.core.JdbcTemplate' (OnClassCondition)
      - @ConditionalOnSingleCandidate (types: javax.sql.DataSource; SearchStrategy: all) found a single bean 'dataSource' (OnBeanCondition)

   JdbcTemplateConfiguration matched:
      - @ConditionalOnMissingBean (types: org.springframework.jdbc.core.JdbcOperations; SearchStrategy: all) did not find any beans (OnBeanCondition)

   JpaBaseConfiguration#entityManagerFactory matched:
      - @ConditionalOnMissingBean (types: org.springframework.orm.jpa.LocalContainerEntityManagerFactoryBean,jakarta.persistence.EntityManagerFactory; SearchStrategy: all) did not find any beans (OnBeanCondition)

   JpaBaseConfiguration#entityManagerFactoryBuilder matched:
      - @ConditionalOnMissingBean (types: org.springframework.boot.orm.jpa.EntityManagerFactoryBuilder; SearchStrategy: all) did not find any beans (OnBeanCondition)

   JpaBaseConfiguration#jpaVendorAdapter matched:
      - @ConditionalOnMissingBean (types: org.springframework.orm.jpa.JpaVendorAdapter; SearchStrategy: all) did not find any beans (OnBeanCondition)

   JpaBaseConfiguration#transactionManager matched:
      - @ConditionalOnMissingBean (types: org.springframework.transaction.TransactionManager; SearchStrategy: all) did not find any beans (OnBeanCondition)

   JpaBaseConfiguration.JpaWebConfiguration matched:
      - @ConditionalOnClass found required class 'org.springframework.web.servlet.config.annotation.WebMvcConfigurer' (OnClassCondition)
      - found 'session' scope (OnWebApplicationCondition)
      - @ConditionalOnProperty (spring.jpa.open-in-view=true) matched (OnPropertyCondition)
      - @ConditionalOnMissingBean (types: org.springframework.orm.jpa.support.OpenEntityManagerInViewInterceptor,org.springframework.orm.jpa.support.OpenEntityManagerInViewFilter; SearchStrategy: all) did not find any beans (OnBeanCondition)

   JpaBaseConfiguration.PersistenceManagedTypesConfiguration matched:
      - @ConditionalOnMissingBean (types: org.springframework.orm.jpa.LocalContainerEntityManagerFactoryBean,jakarta.persistence.EntityManagerFactory; SearchStrategy: all) did not find any beans (OnBeanCondition)

   JpaBaseConfiguration.PersistenceManagedTypesConfiguration#persistenceManagedTypes matched:
      - @ConditionalOnMissingBean (types: org.springframework.orm.jpa.persistenceunit.PersistenceManagedTypes; SearchStrategy: all) did not find any beans (OnBeanCondition)

   JpaRepositoriesAutoConfiguration matched:
      - @ConditionalOnClass found required class 'org.springframework.data.jpa.repository.JpaRepository' (OnClassCondition)
      - @ConditionalOnProperty (spring.data.jpa.repositories.enabled=true) matched (OnPropertyCondition)
      - @ConditionalOnBean (types: javax.sql.DataSource; SearchStrategy: all) found bean 'dataSource'; @ConditionalOnMissingBean (types: org.springframework.data.jpa.repository.support.JpaRepositoryFactoryBean,org.springframework.data.jpa.repository.config.JpaRepositoryConfigExtension; SearchStrategy: all) did not find any beans (OnBeanCondition)

   JtaAutoConfiguration matched:
      - @ConditionalOnClass found required class 'jakarta.transaction.Transaction' (OnClassCondition)
      - @ConditionalOnProperty (spring.jta.enabled) matched (OnPropertyCondition)

   LifecycleAutoConfiguration#defaultLifecycleProcessor matched:
      - @ConditionalOnMissingBean (names: lifecycleProcessor; SearchStrategy: current) did not find any beans (OnBeanCondition)

   MultipartAutoConfiguration matched:
      - @ConditionalOnClass found required classes 'jakarta.servlet.Servlet', 'org.springframework.web.multipart.support.StandardServletMultipartResolver', 'jakarta.servlet.MultipartConfigElement' (OnClassCondition)
      - found 'session' scope (OnWebApplicationCondition)
      - @ConditionalOnProperty (spring.servlet.multipart.enabled) matched (OnPropertyCondition)

   MultipartAutoConfiguration#multipartConfigElement matched:
      - @ConditionalOnMissingBean (types: jakarta.servlet.MultipartConfigElement; SearchStrategy: all) did not find any beans (OnBeanCondition)

   MultipartAutoConfiguration#multipartResolver matched:
      - @ConditionalOnMissingBean (types: org.springframework.web.multipart.MultipartResolver; SearchStrategy: all) did not find any beans (OnBeanCondition)

   NamedParameterJdbcTemplateConfiguration matched:
      - @ConditionalOnSingleCandidate (types: org.springframework.jdbc.core.JdbcTemplate; SearchStrategy: all) found a single bean 'jdbcTemplate'; @ConditionalOnMissingBean (types: org.springframework.jdbc.core.namedparam.NamedParameterJdbcOperations; SearchStrategy: all) did not find any beans (OnBeanCondition)

   NoOpCacheConfiguration matched:
      - Cache org.springframework.boot.autoconfigure.cache.NoOpCacheConfiguration automatic cache type (CacheCondition)

   OAuth2ClientAutoConfiguration matched:
      - @ConditionalOnClass found required classes 'org.springframework.security.config.annotation.web.configuration.EnableWebSecurity', 'org.springframework.security.oauth2.client.registration.ClientRegistration' (OnClassCondition)
      - found 'session' scope (OnWebApplicationCondition)

   OAuth2ClientRegistrationRepositoryConfiguration matched:
      - OAuth2 Clients Configured Condition found registered clients 538898392088-lv7in7thft76gbj9dki3u6ko1itmnrda.apps.googleusercontent.com (ClientsConfiguredCondition)

   OAuth2ClientRegistrationRepositoryConfiguration#clientRegistrationRepository matched:
      - @ConditionalOnMissingBean (types: org.springframework.security.oauth2.client.registration.ClientRegistrationRepository; SearchStrategy: all) did not find any beans (OnBeanCondition)

   OAuth2WebSecurityConfiguration matched:
      - @ConditionalOnBean (types: org.springframework.security.oauth2.client.registration.ClientRegistrationRepository; SearchStrategy: all) found bean 'clientRegistrationRepository' (OnBeanCondition)

   OAuth2WebSecurityConfiguration#authorizedClientRepository matched:
      - @ConditionalOnMissingBean (types: org.springframework.security.oauth2.client.web.OAuth2AuthorizedClientRepository; SearchStrategy: all) did not find any beans (OnBeanCondition)

   OAuth2WebSecurityConfiguration#authorizedClientService matched:
      - @ConditionalOnMissingBean (types: org.springframework.security.oauth2.client.OAuth2AuthorizedClientService; SearchStrategy: all) did not find any beans (OnBeanCondition)

   PersistenceExceptionTranslationAutoConfiguration matched:
      - @ConditionalOnClass found required class 'org.springframework.dao.annotation.PersistenceExceptionTranslationPostProcessor' (OnClassCondition)

   PersistenceExceptionTranslationAutoConfiguration#persistenceExceptionTranslationPostProcessor matched:
      - @ConditionalOnProperty (spring.dao.exceptiontranslation.enabled) matched (OnPropertyCondition)
      - @ConditionalOnMissingBean (types: org.springframework.dao.annotation.PersistenceExceptionTranslationPostProcessor; SearchStrategy: all) did not find any beans (OnBeanCondition)

   PropertyPlaceholderAutoConfiguration#propertySourcesPlaceholderConfigurer matched:
      - @ConditionalOnMissingBean (types: org.springframework.context.support.PropertySourcesPlaceholderConfigurer; SearchStrategy: current) did not find any beans (OnBeanCondition)

   RestClientAutoConfiguration matched:
      - @ConditionalOnClass found required class 'org.springframework.web.client.RestClient' (OnClassCondition)
      - NoneNestedConditions 0 matched 1 did not; NestedCondition on NotReactiveWebApplicationCondition.ReactiveWebApplication did not find reactive web application classes (NotReactiveWebApplicationCondition)

   RestClientAutoConfiguration#httpMessageConvertersRestClientCustomizer matched:
      - @ConditionalOnMissingBean (types: org.springframework.boot.autoconfigure.web.client.HttpMessageConvertersRestClientCustomizer; SearchStrategy: all) did not find any beans (OnBeanCondition)

   RestClientAutoConfiguration#restClientBuilder matched:
      - @ConditionalOnMissingBean (types: org.springframework.web.client.RestClient$Builder; SearchStrategy: all) did not find any beans (OnBeanCondition)

   RestClientAutoConfiguration#restClientBuilderConfigurer matched:
      - @ConditionalOnMissingBean (types: org.springframework.boot.autoconfigure.web.client.RestClientBuilderConfigurer; SearchStrategy: all) did not find any beans (OnBeanCondition)

   RestClientAutoConfiguration#restClientSsl matched:
      - @ConditionalOnBean (types: org.springframework.boot.ssl.SslBundles; SearchStrategy: all) found bean 'sslBundleRegistry'; @ConditionalOnMissingBean (types: org.springframework.boot.autoconfigure.web.client.RestClientSsl; SearchStrategy: all) did not find any beans (OnBeanCondition)

   RestTemplateAutoConfiguration matched:
      - @ConditionalOnClass found required class 'org.springframework.web.client.RestTemplate' (OnClassCondition)
      - NoneNestedConditions 0 matched 1 did not; NestedCondition on NotReactiveWebApplicationCondition.ReactiveWebApplication did not find reactive web application classes (NotReactiveWebApplicationCondition)

   RestTemplateAutoConfiguration#restTemplateBuilder matched:
      - @ConditionalOnMissingBean (types: org.springframework.boot.web.client.RestTemplateBuilder; SearchStrategy: all) did not find any beans (OnBeanCondition)

   SecurityAutoConfiguration matched:
      - @ConditionalOnClass found required class 'org.springframework.security.authentication.DefaultAuthenticationEventPublisher' (OnClassCondition)

   SecurityAutoConfiguration#authenticationEventPublisher matched:
      - @ConditionalOnMissingBean (types: org.springframework.security.authentication.AuthenticationEventPublisher; SearchStrategy: all) did not find any beans (OnBeanCondition)

   SecurityFilterAutoConfiguration matched:
      - @ConditionalOnClass found required classes 'org.springframework.security.web.context.AbstractSecurityWebApplicationInitializer', 'org.springframework.security.config.http.SessionCreationPolicy' (OnClassCondition)
      - found 'session' scope (OnWebApplicationCondition)

   SecurityFilterAutoConfiguration#securityFilterChainRegistration matched:
      - @ConditionalOnBean (names: springSecurityFilterChain; SearchStrategy: all) found bean 'springSecurityFilterChain' (OnBeanCondition)

   ServletWebServerFactoryAutoConfiguration matched:
      - @ConditionalOnClass found required class 'jakarta.servlet.ServletRequest' (OnClassCondition)
      - found 'session' scope (OnWebApplicationCondition)

   ServletWebServerFactoryAutoConfiguration#tomcatServletWebServerFactoryCustomizer matched:
      - @ConditionalOnClass found required class 'org.apache.catalina.startup.Tomcat' (OnClassCondition)

   ServletWebServerFactoryConfiguration.EmbeddedTomcat matched:
      - @ConditionalOnClass found required classes 'jakarta.servlet.Servlet', 'org.apache.catalina.startup.Tomcat', 'org.apache.coyote.UpgradeProtocol' (OnClassCondition)
      - @ConditionalOnMissingBean (types: org.springframework.boot.web.servlet.server.ServletWebServerFactory; SearchStrategy: current) did not find any beans (OnBeanCondition)

   SimpleCacheConfiguration matched:
      - Cache org.springframework.boot.autoconfigure.cache.SimpleCacheConfiguration automatic cache type (CacheCondition)

   SpringBootWebSecurityConfiguration matched:
      - found 'session' scope (OnWebApplicationCondition)

   SpringBootWebSecurityConfiguration.WebSecurityEnablerConfiguration matched:
      - @ConditionalOnClass found required class 'org.springframework.security.config.annotation.web.configuration.EnableWebSecurity' (OnClassCondition)
      - @ConditionalOnMissingBean (names: springSecurityFilterChain; SearchStrategy: all) did not find any beans (OnBeanCondition)

   SpringDataWebAutoConfiguration matched:
      - @ConditionalOnClass found required classes 'org.springframework.data.web.PageableHandlerMethodArgumentResolver', 'org.springframework.web.servlet.config.annotation.WebMvcConfigurer' (OnClassCondition)
      - found 'session' scope (OnWebApplicationCondition)
      - @ConditionalOnMissingBean (types: org.springframework.data.web.PageableHandlerMethodArgumentResolver; SearchStrategy: all) did not find any beans (OnBeanCondition)

   SpringDataWebAutoConfiguration#pageableCustomizer matched:
      - @ConditionalOnMissingBean (types: org.springframework.data.web.config.PageableHandlerMethodArgumentResolverCustomizer; SearchStrategy: all) did not find any beans (OnBeanCondition)

   SpringDataWebAutoConfiguration#sortCustomizer matched:
      - @ConditionalOnMissingBean (types: org.springframework.data.web.config.SortHandlerMethodArgumentResolverCustomizer; SearchStrategy: all) did not find any beans (OnBeanCondition)

   SqlInitializationAutoConfiguration matched:
      - @ConditionalOnProperty (spring.sql.init.enabled) matched (OnPropertyCondition)
      - NoneNestedConditions 0 matched 1 did not; NestedCondition on SqlInitializationAutoConfiguration.SqlInitializationModeCondition.ModeIsNever @ConditionalOnProperty (spring.sql.init.mode=never) did not find property 'mode' (SqlInitializationAutoConfiguration.SqlInitializationModeCondition)

   SslAutoConfiguration#sslBundleRegistry matched:
      - @ConditionalOnMissingBean (types: org.springframework.boot.ssl.SslBundleRegistry,org.springframework.boot.ssl.SslBundles; SearchStrategy: all) did not find any beans (OnBeanCondition)

   TaskExecutionAutoConfiguration matched:
      - @ConditionalOnClass found required class 'org.springframework.scheduling.concurrent.ThreadPoolTaskExecutor' (OnClassCondition)

   TaskExecutorConfigurations.SimpleAsyncTaskExecutorBuilderConfiguration#simpleAsyncTaskExecutorBuilder matched:
      - @ConditionalOnMissingBean (types: org.springframework.boot.task.SimpleAsyncTaskExecutorBuilder; SearchStrategy: all) did not find any beans (OnBeanCondition)
      - @ConditionalOnThreading found PLATFORM (OnThreadingCondition)

   TaskExecutorConfigurations.TaskExecutorBuilderConfiguration#taskExecutorBuilder matched:
      - @ConditionalOnMissingBean (types: org.springframework.boot.task.TaskExecutorBuilder; SearchStrategy: all) did not find any beans (OnBeanCondition)

   TaskExecutorConfigurations.TaskExecutorConfiguration matched:
      - @ConditionalOnMissingBean (types: java.util.concurrent.Executor; SearchStrategy: all) did not find any beans (OnBeanCondition)

   TaskExecutorConfigurations.TaskExecutorConfiguration#applicationTaskExecutor matched:
      - @ConditionalOnThreading found PLATFORM (OnThreadingCondition)

   TaskExecutorConfigurations.ThreadPoolTaskExecutorBuilderConfiguration#threadPoolTaskExecutorBuilder matched:
      - @ConditionalOnMissingBean (types: org.springframework.boot.task.TaskExecutorBuilder,org.springframework.boot.task.ThreadPoolTaskExecutorBuilder; SearchStrategy: all) did not find any beans (OnBeanCondition)

   TaskSchedulingAutoConfiguration matched:
      - @ConditionalOnClass found required class 'org.springframework.scheduling.concurrent.ThreadPoolTaskScheduler' (OnClassCondition)

   TaskSchedulingConfigurations.SimpleAsyncTaskSchedulerBuilderConfiguration#simpleAsyncTaskSchedulerBuilder matched:
      - @ConditionalOnMissingBean (types: org.springframework.boot.task.SimpleAsyncTaskSchedulerBuilder; SearchStrategy: all) did not find any beans (OnBeanCondition)
      - @ConditionalOnThreading found PLATFORM (OnThreadingCondition)

   TaskSchedulingConfigurations.TaskSchedulerBuilderConfiguration#taskSchedulerBuilder matched:
      - @ConditionalOnMissingBean (types: org.springframework.boot.task.TaskSchedulerBuilder; SearchStrategy: all) did not find any beans (OnBeanCondition)

   TaskSchedulingConfigurations.ThreadPoolTaskSchedulerBuilderConfiguration#threadPoolTaskSchedulerBuilder matched:
      - @ConditionalOnMissingBean (types: org.springframework.boot.task.TaskSchedulerBuilder,org.springframework.boot.task.ThreadPoolTaskSchedulerBuilder; SearchStrategy: all) did not find any beans (OnBeanCondition)

   TemplateEngineConfigurations.DefaultTemplateEngineConfiguration#templateEngine matched:
      - @ConditionalOnMissingBean (types: org.thymeleaf.spring6.ISpringTemplateEngine; SearchStrategy: all) did not find any beans (OnBeanCondition)

   ThymeleafAutoConfiguration matched:
      - @ConditionalOnClass found required classes 'org.thymeleaf.templatemode.TemplateMode', 'org.thymeleaf.spring6.SpringTemplateEngine' (OnClassCondition)

   ThymeleafAutoConfiguration.DefaultTemplateResolverConfiguration matched:
      - @ConditionalOnMissingBean (names: defaultTemplateResolver; SearchStrategy: all) did not find any beans (OnBeanCondition)

   ThymeleafAutoConfiguration.ThymeleafWebMvcConfiguration matched:
      - found 'session' scope (OnWebApplicationCondition)
      - @ConditionalOnProperty (spring.thymeleaf.enabled) matched (OnPropertyCondition)

   ThymeleafAutoConfiguration.ThymeleafWebMvcConfiguration.ThymeleafViewResolverConfiguration#thymeleafViewResolver matched:
      - @ConditionalOnMissingBean (names: thymeleafViewResolver; SearchStrategy: all) did not find any beans (OnBeanCondition)

   TransactionAutoConfiguration matched:
      - @ConditionalOnClass found required class 'org.springframework.transaction.PlatformTransactionManager' (OnClassCondition)

   TransactionAutoConfiguration.EnableTransactionManagementConfiguration matched:
      - @ConditionalOnBean (types: org.springframework.transaction.TransactionManager; SearchStrategy: all) found bean 'transactionManager'; @ConditionalOnMissingBean (types: org.springframework.transaction.annotation.AbstractTransactionManagementConfiguration; SearchStrategy: all) did not find any beans (OnBeanCondition)

   TransactionAutoConfiguration.EnableTransactionManagementConfiguration.CglibAutoProxyConfiguration matched:
      - @ConditionalOnProperty (spring.aop.proxy-target-class=true) matched (OnPropertyCondition)

   TransactionAutoConfiguration.TransactionTemplateConfiguration matched:
      - @ConditionalOnSingleCandidate (types: org.springframework.transaction.PlatformTransactionManager; SearchStrategy: all) found a single bean 'transactionManager' (OnBeanCondition)

   TransactionAutoConfiguration.TransactionTemplateConfiguration#transactionTemplate matched:
      - @ConditionalOnMissingBean (types: org.springframework.transaction.support.TransactionOperations; SearchStrategy: all) did not find any beans (OnBeanCondition)

   TransactionManagerCustomizationAutoConfiguration matched:
      - @ConditionalOnClass found required class 'org.springframework.transaction.PlatformTransactionManager' (OnClassCondition)

   TransactionManagerCustomizationAutoConfiguration#platformTransactionManagerCustomizers matched:
      - @ConditionalOnMissingBean (types: org.springframework.boot.autoconfigure.transaction.TransactionManagerCustomizers; SearchStrategy: all) did not find any beans (OnBeanCondition)

   ValidationAutoConfiguration matched:
      - @ConditionalOnClass found required class 'jakarta.validation.executable.ExecutableValidator' (OnClassCondition)
      - @ConditionalOnResource found location classpath:META-INF/services/jakarta.validation.spi.ValidationProvider (OnResourceCondition)

   ValidationAutoConfiguration#defaultValidator matched:
      - @ConditionalOnMissingBean (types: jakarta.validation.Validator; SearchStrategy: all) did not find any beans (OnBeanCondition)

   ValidationAutoConfiguration#methodValidationPostProcessor matched:
      - @ConditionalOnMissingBean (types: org.springframework.validation.beanvalidation.MethodValidationPostProcessor; SearchStrategy: current) did not find any beans (OnBeanCondition)

   WebMvcAutoConfiguration matched:
      - @ConditionalOnClass found required classes 'jakarta.servlet.Servlet', 'org.springframework.web.servlet.DispatcherServlet', 'org.springframework.web.servlet.config.annotation.WebMvcConfigurer' (OnClassCondition)
      - found 'session' scope (OnWebApplicationCondition)
      - @ConditionalOnMissingBean (types: org.springframework.web.servlet.config.annotation.WebMvcConfigurationSupport; SearchStrategy: all) did not find any beans (OnBeanCondition)

   WebMvcAutoConfiguration#formContentFilter matched:
      - @ConditionalOnProperty (spring.mvc.formcontent.filter.enabled) matched (OnPropertyCondition)
      - @ConditionalOnMissingBean (types: org.springframework.web.filter.FormContentFilter; SearchStrategy: all) did not find any beans (OnBeanCondition)

   WebMvcAutoConfiguration.EnableWebMvcConfiguration#flashMapManager matched:
      - @ConditionalOnMissingBean (names: flashMapManager; SearchStrategy: all) did not find any beans (OnBeanCondition)

   WebMvcAutoConfiguration.EnableWebMvcConfiguration#localeResolver matched:
      - @ConditionalOnMissingBean (names: localeResolver; SearchStrategy: all) did not find any beans (OnBeanCondition)

   WebMvcAutoConfiguration.EnableWebMvcConfiguration#themeResolver matched:
      - @ConditionalOnMissingBean (names: themeResolver; SearchStrategy: all) did not find any beans (OnBeanCondition)

   WebMvcAutoConfiguration.WebMvcAutoConfigurationAdapter#defaultViewResolver matched:
      - @ConditionalOnMissingBean (types: org.springframework.web.servlet.view.InternalResourceViewResolver; SearchStrategy: all) did not find any beans (OnBeanCondition)

   WebMvcAutoConfiguration.WebMvcAutoConfigurationAdapter#requestContextFilter matched:
      - @ConditionalOnMissingBean (types: org.springframework.web.context.request.RequestContextListener,org.springframework.web.filter.RequestContextFilter; SearchStrategy: all) did not find any beans (OnBeanCondition)

   WebMvcAutoConfiguration.WebMvcAutoConfigurationAdapter#viewResolver matched:
      - @ConditionalOnBean (types: org.springframework.web.servlet.ViewResolver; SearchStrategy: all) found beans 'defaultViewResolver', 'beanNameViewResolver', 'mvcViewResolver'; @ConditionalOnMissingBean (names: viewResolver types: org.springframework.web.servlet.view.ContentNegotiatingViewResolver; SearchStrategy: all) did not find any beans (OnBeanCondition)

   WebSocketServletAutoConfiguration matched:
      - @ConditionalOnClass found required classes 'jakarta.servlet.Servlet', 'jakarta.websocket.server.ServerContainer' (OnClassCondition)
      - found 'session' scope (OnWebApplicationCondition)

   WebSocketServletAutoConfiguration.TomcatWebSocketConfiguration matched:
      - @ConditionalOnClass found required classes 'org.apache.catalina.startup.Tomcat', 'org.apache.tomcat.websocket.server.WsSci' (OnClassCondition)

   WebSocketServletAutoConfiguration.TomcatWebSocketConfiguration#websocketServletWebServerCustomizer matched:
      - @ConditionalOnMissingBean (names: websocketServletWebServerCustomizer; SearchStrategy: all) did not find any beans (OnBeanCondition)


Negative matches:
-----------------

   ActiveMQAutoConfiguration:
      Did not match:
         - @ConditionalOnClass did not find required class 'jakarta.jms.ConnectionFactory' (OnClassCondition)

   AopAutoConfiguration.AspectJAutoProxyingConfiguration.JdkDynamicAutoProxyConfiguration:
      Did not match:
         - @ConditionalOnProperty (spring.aop.proxy-target-class=false) did not find property 'proxy-target-class' (OnPropertyCondition)

   AopAutoConfiguration.ClassProxyingConfiguration:
      Did not match:
         - @ConditionalOnMissingClass found unwanted class 'org.aspectj.weaver.Advice' (OnClassCondition)

   ArtemisAutoConfiguration:
      Did not match:
         - @ConditionalOnClass did not find required class 'jakarta.jms.ConnectionFactory' (OnClassCondition)

   BatchAutoConfiguration:
      Did not match:
         - @ConditionalOnClass did not find required class 'org.springframework.batch.core.launch.JobLauncher' (OnClassCondition)

   Cache2kCacheConfiguration:
      Did not match:
         - @ConditionalOnClass did not find required class 'org.cache2k.Cache2kBuilder' (OnClassCondition)

   CacheAutoConfiguration:
      Did not match:
         - @ConditionalOnBean (types: org.springframework.cache.interceptor.CacheAspectSupport; SearchStrategy: all) did not find any beans of type org.springframework.cache.interceptor.CacheAspectSupport (OnBeanCondition)
      Matched:
         - @ConditionalOnClass found required class 'org.springframework.cache.CacheManager' (OnClassCondition)

   CacheAutoConfiguration.CacheManagerEntityManagerFactoryDependsOnPostProcessor:
      Did not match:
         - Ancestor org.springframework.boot.autoconfigure.cache.CacheAutoConfiguration did not match (ConditionEvaluationReport.AncestorsMatchedCondition)
      Matched:
         - @ConditionalOnClass found required class 'org.springframework.orm.jpa.LocalContainerEntityManagerFactoryBean' (OnClassCondition)

   CaffeineCacheConfiguration:
      Did not match:
         - @ConditionalOnClass did not find required class 'com.github.benmanes.caffeine.cache.Caffeine' (OnClassCondition)

   CassandraAutoConfiguration:
      Did not match:
         - @ConditionalOnClass did not find required class 'com.datastax.oss.driver.api.core.CqlSession' (OnClassCondition)

   CassandraDataAutoConfiguration:
      Did not match:
         - @ConditionalOnClass did not find required class 'com.datastax.oss.driver.api.core.CqlSession' (OnClassCondition)

   CassandraReactiveDataAutoConfiguration:
      Did not match:
         - @ConditionalOnClass did not find required class 'com.datastax.oss.driver.api.core.CqlSession' (OnClassCondition)

   CassandraReactiveRepositoriesAutoConfiguration:
      Did not match:
         - @ConditionalOnClass did not find required class 'org.springframework.data.cassandra.ReactiveSession' (OnClassCondition)

   CassandraRepositoriesAutoConfiguration:
      Did not match:
         - @ConditionalOnClass did not find required class 'com.datastax.oss.driver.api.core.CqlSession' (OnClassCondition)

   ClientHttpConnectorAutoConfiguration:
      Did not match:
         - @ConditionalOnClass did not find required class 'org.springframework.web.reactive.function.client.WebClient' (OnClassCondition)

   CodecsAutoConfiguration:
      Did not match:
         - @ConditionalOnClass did not find required class 'org.springframework.web.reactive.function.client.WebClient' (OnClassCondition)

   CouchbaseAutoConfiguration:
      Did not match:
         - @ConditionalOnClass did not find required class 'com.couchbase.client.java.Cluster' (OnClassCondition)

   CouchbaseCacheConfiguration:
      Did not match:
         - @ConditionalOnClass did not find required class 'com.couchbase.client.java.Cluster' (OnClassCondition)

   CouchbaseDataAutoConfiguration:
      Did not match:
         - @ConditionalOnClass did not find required class 'com.couchbase.client.java.Bucket' (OnClassCondition)

   CouchbaseReactiveDataAutoConfiguration:
      Did not match:
         - @ConditionalOnClass did not find required class 'com.couchbase.client.java.Cluster' (OnClassCondition)

   CouchbaseReactiveRepositoriesAutoConfiguration:
      Did not match:
         - @ConditionalOnClass did not find required class 'com.couchbase.client.java.Cluster' (OnClassCondition)

   CouchbaseRepositoriesAutoConfiguration:
      Did not match:
         - @ConditionalOnClass did not find required class 'com.couchbase.client.java.Bucket' (OnClassCondition)

   DataSourceAutoConfiguration.EmbeddedDatabaseConfiguration:
      Did not match:
         - EmbeddedDataSource spring.datasource.url is set (DataSourceAutoConfiguration.EmbeddedDatabaseCondition)

   DataSourceCheckpointRestoreConfiguration:
      Did not match:
         - @ConditionalOnClass did not find required class 'org.crac.Resource' (OnClassCondition)

   DataSourceConfiguration.Dbcp2:
      Did not match:
         - @ConditionalOnClass did not find required class 'org.apache.commons.dbcp2.BasicDataSource' (OnClassCondition)

   DataSourceConfiguration.Generic:
      Did not match:
         - @ConditionalOnProperty (spring.datasource.type) did not find property 'spring.datasource.type' (OnPropertyCondition)

   DataSourceConfiguration.OracleUcp:
      Did not match:
         - @ConditionalOnClass did not find required classes 'oracle.ucp.jdbc.PoolDataSourceImpl', 'oracle.jdbc.OracleConnection' (OnClassCondition)

   DataSourceConfiguration.Tomcat:
      Did not match:
         - @ConditionalOnClass did not find required class 'org.apache.tomcat.jdbc.pool.DataSource' (OnClassCondition)

   DataSourceJmxConfiguration.TomcatDataSourceJmxConfiguration:
      Did not match:
         - @ConditionalOnClass did not find required class 'org.apache.tomcat.jdbc.pool.DataSourceProxy' (OnClassCondition)

   DataSourcePoolMetadataProvidersConfiguration.CommonsDbcp2PoolDataSourceMetadataProviderConfiguration:
      Did not match:
         - @ConditionalOnClass did not find required class 'org.apache.commons.dbcp2.BasicDataSource' (OnClassCondition)

   DataSourcePoolMetadataProvidersConfiguration.OracleUcpPoolDataSourceMetadataProviderConfiguration:
      Did not match:
         - @ConditionalOnClass did not find required classes 'oracle.ucp.jdbc.PoolDataSource', 'oracle.jdbc.OracleConnection' (OnClassCondition)

   DataSourcePoolMetadataProvidersConfiguration.TomcatDataSourcePoolMetadataProviderConfiguration:
      Did not match:
         - @ConditionalOnClass did not find required class 'org.apache.tomcat.jdbc.pool.DataSource' (OnClassCondition)

   DataSourceTransactionManagerAutoConfiguration.JdbcTransactionManagerConfiguration#transactionManager:
      Did not match:
         - @ConditionalOnMissingBean (types: org.springframework.transaction.TransactionManager; SearchStrategy: all) found beans of type 'org.springframework.transaction.TransactionManager' transactionManager (OnBeanCondition)

   DispatcherServletAutoConfiguration.DispatcherServletConfiguration#multipartResolver:
      Did not match:
         - @ConditionalOnBean (types: org.springframework.web.multipart.MultipartResolver; SearchStrategy: all) did not find any beans of type org.springframework.web.multipart.MultipartResolver (OnBeanCondition)

   ElasticsearchClientAutoConfiguration:
      Did not match:
         - @ConditionalOnClass did not find required class 'co.elastic.clients.elasticsearch.ElasticsearchClient' (OnClassCondition)

   ElasticsearchDataAutoConfiguration:
      Did not match:
         - @ConditionalOnClass did not find required class 'org.springframework.data.elasticsearch.client.elc.ElasticsearchTemplate' (OnClassCondition)

   ElasticsearchRepositoriesAutoConfiguration:
      Did not match:
         - @ConditionalOnClass did not find required class 'org.springframework.data.elasticsearch.repository.ElasticsearchRepository' (OnClassCondition)

   ElasticsearchRestClientAutoConfiguration:
      Did not match:
         - @ConditionalOnClass did not find required class 'org.elasticsearch.client.RestClientBuilder' (OnClassCondition)

   EmbeddedLdapAutoConfiguration:
      Did not match:
         - @ConditionalOnClass did not find required class 'com.unboundid.ldap.listener.InMemoryDirectoryServer' (OnClassCondition)

   EmbeddedWebServerFactoryCustomizerAutoConfiguration.JettyWebServerFactoryCustomizerConfiguration:
      Did not match:
         - @ConditionalOnClass did not find required classes 'org.eclipse.jetty.server.Server', 'org.eclipse.jetty.util.Loader', 'org.eclipse.jetty.ee10.webapp.WebAppContext' (OnClassCondition)

   EmbeddedWebServerFactoryCustomizerAutoConfiguration.NettyWebServerFactoryCustomizerConfiguration:
      Did not match:
         - @ConditionalOnClass did not find required class 'reactor.netty.http.server.HttpServer' (OnClassCondition)

   EmbeddedWebServerFactoryCustomizerAutoConfiguration.TomcatWebServerFactoryCustomizerConfiguration#tomcatVirtualThreadsProtocolHandlerCustomizer:
      Did not match:
         - @ConditionalOnThreading did not find VIRTUAL (OnThreadingCondition)

   EmbeddedWebServerFactoryCustomizerAutoConfiguration.UndertowWebServerFactoryCustomizerConfiguration:
      Did not match:
         - @ConditionalOnClass did not find required classes 'io.undertow.Undertow', 'org.xnio.SslClientAuthMode' (OnClassCondition)

   ErrorWebFluxAutoConfiguration:
      Did not match:
         - @ConditionalOnClass did not find required class 'org.springframework.web.reactive.config.WebFluxConfigurer' (OnClassCondition)

   FlywayAutoConfiguration:
      Did not match:
         - @ConditionalOnClass did not find required class 'org.flywaydb.core.Flyway' (OnClassCondition)

   FreeMarkerAutoConfiguration:
      Did not match:
         - @ConditionalOnClass did not find required class 'freemarker.template.Configuration' (OnClassCondition)

   GraphQlAutoConfiguration:
      Did not match:
         - @ConditionalOnClass did not find required class 'graphql.GraphQL' (OnClassCondition)

   GraphQlQueryByExampleAutoConfiguration:
      Did not match:
         - @ConditionalOnClass did not find required class 'graphql.GraphQL' (OnClassCondition)

   GraphQlQuerydslAutoConfiguration:
      Did not match:
         - @ConditionalOnClass did not find required class 'com.querydsl.core.Query' (OnClassCondition)

   GraphQlRSocketAutoConfiguration:
      Did not match:
         - @ConditionalOnClass did not find required class 'graphql.GraphQL' (OnClassCondition)

   GraphQlReactiveQueryByExampleAutoConfiguration:
      Did not match:
         - @ConditionalOnClass did not find required class 'graphql.GraphQL' (OnClassCondition)

   GraphQlReactiveQuerydslAutoConfiguration:
      Did not match:
         - @ConditionalOnClass did not find required class 'com.querydsl.core.Query' (OnClassCondition)

   GraphQlWebFluxAutoConfiguration:
      Did not match:
         - @ConditionalOnClass did not find required class 'graphql.GraphQL' (OnClassCondition)

   GraphQlWebFluxSecurityAutoConfiguration:
      Did not match:
         - @ConditionalOnClass did not find required class 'graphql.GraphQL' (OnClassCondition)

   GraphQlWebMvcAutoConfiguration:
      Did not match:
         - @ConditionalOnClass did not find required class 'graphql.GraphQL' (OnClassCondition)

   GraphQlWebMvcSecurityAutoConfiguration:
      Did not match:
         - @ConditionalOnClass did not find required class 'graphql.GraphQL' (OnClassCondition)

   GroovyTemplateAutoConfiguration:
      Did not match:
         - @ConditionalOnClass did not find required class 'groovy.text.markup.MarkupTemplateEngine' (OnClassCondition)

   GsonAutoConfiguration:
      Did not match:
         - @ConditionalOnClass did not find required class 'com.google.gson.Gson' (OnClassCondition)

   GsonHttpMessageConvertersConfiguration:
      Did not match:
         - @ConditionalOnClass did not find required class 'com.google.gson.Gson' (OnClassCondition)

   HazelcastAutoConfiguration:
      Did not match:
         - @ConditionalOnClass did not find required class 'com.hazelcast.core.HazelcastInstance' (OnClassCondition)

   HazelcastCacheConfiguration:
      Did not match:
         - @ConditionalOnClass did not find required class 'com.hazelcast.core.HazelcastInstance' (OnClassCondition)

   HazelcastJpaDependencyAutoConfiguration:
      Did not match:
         - @ConditionalOnClass did not find required class 'com.hazelcast.core.HazelcastInstance' (OnClassCondition)

   HttpHandlerAutoConfiguration:
      Did not match:
         - @ConditionalOnClass did not find required class 'org.springframework.web.reactive.DispatcherHandler' (OnClassCondition)

   HypermediaAutoConfiguration:
      Did not match:
         - @ConditionalOnClass did not find required class 'org.springframework.hateoas.EntityModel' (OnClassCondition)

   InfinispanCacheConfiguration:
      Did not match:
         - @ConditionalOnClass did not find required class 'org.infinispan.spring.embedded.provider.SpringEmbeddedCacheManager' (OnClassCondition)

   InfluxDbAutoConfiguration:
      Did not match:
         - @ConditionalOnClass did not find required class 'org.influxdb.InfluxDB' (OnClassCondition)

   IntegrationAutoConfiguration:
      Did not match:
         - @ConditionalOnClass did not find required class 'org.springframework.integration.config.EnableIntegration' (OnClassCondition)

   JCacheCacheConfiguration:
      Did not match:
         - @ConditionalOnClass did not find required class 'javax.cache.Caching' (OnClassCondition)

   JacksonHttpMessageConvertersConfiguration.MappingJackson2XmlHttpMessageConverterConfiguration:
      Did not match:
         - @ConditionalOnClass did not find required class 'com.fasterxml.jackson.dataformat.xml.XmlMapper' (OnClassCondition)

   JdbcRepositoriesAutoConfiguration:
      Did not match:
         - @ConditionalOnClass did not find required class 'org.springframework.data.jdbc.repository.config.AbstractJdbcConfiguration' (OnClassCondition)

   JerseyAutoConfiguration:
      Did not match:
         - @ConditionalOnClass did not find required class 'org.glassfish.jersey.server.spring.SpringComponentProvider' (OnClassCondition)

   JmsAutoConfiguration:
      Did not match:
         - @ConditionalOnClass did not find required class 'jakarta.jms.Message' (OnClassCondition)

   JmxAutoConfiguration:
      Did not match:
         - @ConditionalOnProperty (spring.jmx.enabled=true) did not find property 'enabled' (OnPropertyCondition)
      Matched:
         - @ConditionalOnClass found required class 'org.springframework.jmx.export.MBeanExporter' (OnClassCondition)

   JndiConnectionFactoryAutoConfiguration:
      Did not match:
         - @ConditionalOnClass did not find required class 'org.springframework.jms.core.JmsTemplate' (OnClassCondition)

   JndiDataSourceAutoConfiguration:
      Did not match:
         - @ConditionalOnProperty (spring.datasource.jndi-name) did not find property 'jndi-name' (OnPropertyCondition)
      Matched:
         - @ConditionalOnClass found required classes 'javax.sql.DataSource', 'org.springframework.jdbc.datasource.embedded.EmbeddedDatabaseType' (OnClassCondition)

   JndiJtaConfiguration:
      Did not match:
         - @ConditionalOnJndi JNDI environment is not available (OnJndiCondition)
      Matched:
         - @ConditionalOnClass found required class 'org.springframework.transaction.jta.JtaTransactionManager' (OnClassCondition)

   JooqAutoConfiguration:
      Did not match:
         - @ConditionalOnClass did not find required class 'org.jooq.DSLContext' (OnClassCondition)

   JpaRepositoriesAutoConfiguration#entityManagerFactoryBootstrapExecutorCustomizer:
      Did not match:
         - AnyNestedCondition 0 matched 2 did not; NestedCondition on JpaRepositoriesAutoConfiguration.BootstrapExecutorCondition.LazyBootstrapMode @ConditionalOnProperty (spring.data.jpa.repositories.bootstrap-mode=lazy) did not find property 'bootstrap-mode'; NestedCondition on JpaRepositoriesAutoConfiguration.BootstrapExecutorCondition.DeferredBootstrapMode @ConditionalOnProperty (spring.data.jpa.repositories.bootstrap-mode=deferred) did not find property 'bootstrap-mode' (JpaRepositoriesAutoConfiguration.BootstrapExecutorCondition)

   JsonbAutoConfiguration:
      Did not match:
         - @ConditionalOnClass did not find required class 'jakarta.json.bind.Jsonb' (OnClassCondition)

   JsonbHttpMessageConvertersConfiguration:
      Did not match:
         - @ConditionalOnClass did not find required class 'jakarta.json.bind.Jsonb' (OnClassCondition)

   KafkaAutoConfiguration:
      Did not match:
         - @ConditionalOnClass did not find required class 'org.springframework.kafka.core.KafkaTemplate' (OnClassCondition)

   LdapAutoConfiguration:
      Did not match:
         - @ConditionalOnClass did not find required class 'org.springframework.ldap.core.ContextSource' (OnClassCondition)

   LdapRepositoriesAutoConfiguration:
      Did not match:
         - @ConditionalOnClass did not find required class 'org.springframework.data.ldap.repository.LdapRepository' (OnClassCondition)

   LiquibaseAutoConfiguration:
      Did not match:
         - @ConditionalOnClass did not find required class 'liquibase.change.DatabaseChange' (OnClassCondition)

   MailSenderAutoConfiguration:
      Did not match:
         - @ConditionalOnClass did not find required class 'jakarta.mail.internet.MimeMessage' (OnClassCondition)

   MailSenderValidatorAutoConfiguration:
      Did not match:
         - @ConditionalOnSingleCandidate did not find required type 'org.springframework.mail.javamail.JavaMailSenderImpl' (OnBeanCondition)

   MessageSourceAutoConfiguration:
      Did not match:
         - ResourceBundle did not find bundle with basename messages (MessageSourceAutoConfiguration.ResourceBundleCondition)

   MongoAutoConfiguration:
      Did not match:
         - @ConditionalOnClass did not find required class 'com.mongodb.client.MongoClient' (OnClassCondition)

   MongoDataAutoConfiguration:
      Did not match:
         - @ConditionalOnClass did not find required class 'com.mongodb.client.MongoClient' (OnClassCondition)

   MongoReactiveAutoConfiguration:
      Did not match:
         - @ConditionalOnClass did not find required class 'com.mongodb.reactivestreams.client.MongoClient' (OnClassCondition)

   MongoReactiveDataAutoConfiguration:
      Did not match:
         - @ConditionalOnClass did not find required class 'com.mongodb.reactivestreams.client.MongoClient' (OnClassCondition)

   MongoReactiveRepositoriesAutoConfiguration:
      Did not match:
         - @ConditionalOnClass did not find required class 'com.mongodb.reactivestreams.client.MongoClient' (OnClassCondition)

   MongoRepositoriesAutoConfiguration:
      Did not match:
         - @ConditionalOnClass did not find required class 'com.mongodb.client.MongoClient' (OnClassCondition)

   MustacheAutoConfiguration:
      Did not match:
         - @ConditionalOnClass did not find required class 'com.samskivert.mustache.Mustache' (OnClassCondition)

   Neo4jAutoConfiguration:
      Did not match:
         - @ConditionalOnClass did not find required class 'org.neo4j.driver.Driver' (OnClassCondition)

   Neo4jDataAutoConfiguration:
      Did not match:
         - @ConditionalOnClass did not find required class 'org.neo4j.driver.Driver' (OnClassCondition)

   Neo4jReactiveDataAutoConfiguration:
      Did not match:
         - @ConditionalOnClass did not find required class 'org.neo4j.driver.Driver' (OnClassCondition)

   Neo4jReactiveRepositoriesAutoConfiguration:
      Did not match:
         - @ConditionalOnClass did not find required class 'org.neo4j.driver.Driver' (OnClassCondition)

   Neo4jRepositoriesAutoConfiguration:
      Did not match:
         - @ConditionalOnClass did not find required class 'org.neo4j.driver.Driver' (OnClassCondition)

   NettyAutoConfiguration:
      Did not match:
         - @ConditionalOnClass did not find required class 'io.netty.util.NettyRuntime' (OnClassCondition)

   OAuth2AuthorizationServerAutoConfiguration:
      Did not match:
         - @ConditionalOnClass did not find required class 'org.springframework.security.oauth2.server.authorization.OAuth2Authorization' (OnClassCondition)

   OAuth2AuthorizationServerJwtAutoConfiguration:
      Did not match:
         - @ConditionalOnClass did not find required class 'org.springframework.security.oauth2.server.authorization.OAuth2Authorization' (OnClassCondition)

   OAuth2ResourceServerAutoConfiguration:
      Did not match:
         - @ConditionalOnClass did not find required class 'org.springframework.security.oauth2.server.resource.authentication.BearerTokenAuthenticationToken' (OnClassCondition)

   OAuth2WebSecurityConfiguration.OAuth2SecurityFilterChainConfiguration:
      Did not match:
         - AllNestedConditions 1 matched 1 did not; NestedCondition on DefaultWebSecurityCondition.Beans @ConditionalOnMissingBean (types: org.springframework.security.web.SecurityFilterChain; SearchStrategy: all) found beans of type 'org.springframework.security.web.SecurityFilterChain' filterChain; NestedCondition on DefaultWebSecurityCondition.Classes @ConditionalOnClass found required classes 'org.springframework.security.web.SecurityFilterChain', 'org.springframework.security.config.annotation.web.builders.HttpSecurity' (DefaultWebSecurityCondition)

   ProjectInfoAutoConfiguration#buildProperties:
      Did not match:
         - @ConditionalOnResource did not find resource '${spring.info.build.location:classpath:META-INF/build-info.properties}' (OnResourceCondition)

   ProjectInfoAutoConfiguration#gitProperties:
      Did not match:
         - GitResource did not find git info at classpath:git.properties (ProjectInfoAutoConfiguration.GitResourceAvailableCondition)

   PulsarAutoConfiguration:
      Did not match:
         - @ConditionalOnClass did not find required class 'org.apache.pulsar.client.api.PulsarClient' (OnClassCondition)

   PulsarReactiveAutoConfiguration:
      Did not match:
         - @ConditionalOnClass did not find required class 'org.apache.pulsar.client.api.PulsarClient' (OnClassCondition)

   QuartzAutoConfiguration:
      Did not match:
         - @ConditionalOnClass did not find required class 'org.quartz.Scheduler' (OnClassCondition)

   R2dbcAutoConfiguration:
      Did not match:
         - @ConditionalOnClass did not find required class 'io.r2dbc.spi.ConnectionFactory' (OnClassCondition)

   R2dbcDataAutoConfiguration:
      Did not match:
         - @ConditionalOnClass did not find required class 'org.springframework.data.r2dbc.core.R2dbcEntityTemplate' (OnClassCondition)

   R2dbcInitializationConfiguration:
      Did not match:
         - @ConditionalOnClass did not find required classes 'io.r2dbc.spi.ConnectionFactory', 'org.springframework.r2dbc.connection.init.DatabasePopulator' (OnClassCondition)

   R2dbcRepositoriesAutoConfiguration:
      Did not match:
         - @ConditionalOnClass did not find required class 'io.r2dbc.spi.ConnectionFactory' (OnClassCondition)

   R2dbcTransactionManagerAutoConfiguration:
      Did not match:
         - @ConditionalOnClass did not find required class 'org.springframework.r2dbc.connection.R2dbcTransactionManager' (OnClassCondition)

   RSocketGraphQlClientAutoConfiguration:
      Did not match:
         - @ConditionalOnClass did not find required class 'graphql.GraphQL' (OnClassCondition)

   RSocketMessagingAutoConfiguration:
      Did not match:
         - @ConditionalOnClass did not find required class 'io.rsocket.RSocket' (OnClassCondition)

   RSocketRequesterAutoConfiguration:
      Did not match:
         - @ConditionalOnClass did not find required class 'io.rsocket.RSocket' (OnClassCondition)

   RSocketSecurityAutoConfiguration:
      Did not match:
         - @ConditionalOnClass did not find required class 'org.springframework.security.rsocket.core.SecuritySocketAcceptorInterceptor' (OnClassCondition)

   RSocketServerAutoConfiguration:
      Did not match:
         - @ConditionalOnClass did not find required class 'io.rsocket.core.RSocketServer' (OnClassCondition)

   RSocketStrategiesAutoConfiguration:
      Did not match:
         - @ConditionalOnClass did not find required class 'io.netty.buffer.PooledByteBufAllocator' (OnClassCondition)

   RabbitAutoConfiguration:
      Did not match:
         - @ConditionalOnClass did not find required class 'com.rabbitmq.client.Channel' (OnClassCondition)

   ReactiveElasticsearchClientAutoConfiguration:
      Did not match:
         - @ConditionalOnClass did not find required class 'co.elastic.clients.transport.ElasticsearchTransport' (OnClassCondition)

   ReactiveElasticsearchRepositoriesAutoConfiguration:
      Did not match:
         - @ConditionalOnClass did not find required class 'org.springframework.data.elasticsearch.client.elc.ReactiveElasticsearchClient' (OnClassCondition)

   ReactiveMultipartAutoConfiguration:
      Did not match:
         - @ConditionalOnClass did not find required class 'org.springframework.web.reactive.config.WebFluxConfigurer' (OnClassCondition)

   ReactiveOAuth2ClientAutoConfiguration:
      Did not match:
         - @ConditionalOnClass did not find required class 'reactor.core.publisher.Flux' (OnClassCondition)

   ReactiveOAuth2ResourceServerAutoConfiguration:
      Did not match:
         - @ConditionalOnWebApplication did not find reactive web application classes (OnWebApplicationCondition)

   ReactiveSecurityAutoConfiguration:
      Did not match:
         - @ConditionalOnClass did not find required class 'reactor.core.publisher.Flux' (OnClassCondition)

   ReactiveUserDetailsServiceAutoConfiguration:
      Did not match:
         - AnyNestedCondition 0 matched 3 did not; NestedCondition on ReactiveUserDetailsServiceAutoConfiguration.MissingAlternativeOrUserPropertiesConfigured.PasswordConfigured @ConditionalOnProperty (spring.security.user.password) did not find property 'password'; NestedCondition on ReactiveUserDetailsServiceAutoConfiguration.MissingAlternativeOrUserPropertiesConfigured.NameConfigured @ConditionalOnProperty (spring.security.user.name) did not find property 'name'; NestedCondition on ReactiveUserDetailsServiceAutoConfiguration.MissingAlternativeOrUserPropertiesConfigured.MissingAlternative @ConditionalOnMissingClass found unwanted class 'org.springframework.security.oauth2.client.registration.ClientRegistrationRepository' (ReactiveUserDetailsServiceAutoConfiguration.MissingAlternativeOrUserPropertiesConfigured)
      Matched:
         - @ConditionalOnClass found required class 'org.springframework.security.authentication.ReactiveAuthenticationManager' (OnClassCondition)

   ReactiveWebServerFactoryAutoConfiguration:
      Did not match:
         - @ConditionalOnWebApplication did not find reactive web application classes (OnWebApplicationCondition)

   ReactorAutoConfiguration:
      Did not match:
         - @ConditionalOnClass did not find required class 'reactor.core.publisher.Hooks' (OnClassCondition)

   RedisAutoConfiguration:
      Did not match:
         - @ConditionalOnClass did not find required class 'org.springframework.data.redis.core.RedisOperations' (OnClassCondition)

   RedisCacheConfiguration:
      Did not match:
         - @ConditionalOnClass did not find required class 'org.springframework.data.redis.connection.RedisConnectionFactory' (OnClassCondition)

   RedisReactiveAutoConfiguration:
      Did not match:
         - @ConditionalOnClass did not find required class 'reactor.core.publisher.Flux' (OnClassCondition)

   RedisRepositoriesAutoConfiguration:
      Did not match:
         - @ConditionalOnClass did not find required class 'org.springframework.data.redis.repository.configuration.EnableRedisRepositories' (OnClassCondition)

   RepositoryRestMvcAutoConfiguration:
      Did not match:
         - @ConditionalOnClass did not find required class 'org.springframework.data.rest.webmvc.config.RepositoryRestMvcConfiguration' (OnClassCondition)

   Saml2RelyingPartyAutoConfiguration:
      Did not match:
         - @ConditionalOnClass did not find required class 'org.springframework.security.saml2.provider.service.registration.RelyingPartyRegistrationRepository' (OnClassCondition)

   SecurityDataConfiguration:
      Did not match:
         - @ConditionalOnClass did not find required class 'org.springframework.security.data.repository.query.SecurityEvaluationContextExtension' (OnClassCondition)

   SendGridAutoConfiguration:
      Did not match:
         - @ConditionalOnClass did not find required class 'com.sendgrid.SendGrid' (OnClassCondition)

   ServletWebServerFactoryAutoConfiguration.ForwardedHeaderFilterConfiguration:
      Did not match:
         - @ConditionalOnProperty (server.forward-headers-strategy=framework) did not find property 'server.forward-headers-strategy' (OnPropertyCondition)

   ServletWebServerFactoryConfiguration.EmbeddedJetty:
      Did not match:
         - @ConditionalOnClass did not find required classes 'org.eclipse.jetty.server.Server', 'org.eclipse.jetty.util.Loader', 'org.eclipse.jetty.ee10.webapp.WebAppContext' (OnClassCondition)

   ServletWebServerFactoryConfiguration.EmbeddedUndertow:
      Did not match:
         - @ConditionalOnClass did not find required classes 'io.undertow.Undertow', 'org.xnio.SslClientAuthMode' (OnClassCondition)

   SessionAutoConfiguration:
      Did not match:
         - @ConditionalOnClass did not find required class 'org.springframework.session.Session' (OnClassCondition)

   SpringApplicationAdminJmxAutoConfiguration:
      Did not match:
         - @ConditionalOnProperty (spring.application.admin.enabled=true) did not find property 'enabled' (OnPropertyCondition)

   SpringBootWebSecurityConfiguration.SecurityFilterChainConfiguration:
      Did not match:
         - AllNestedConditions 1 matched 1 did not; NestedCondition on DefaultWebSecurityCondition.Beans @ConditionalOnMissingBean (types: org.springframework.security.web.SecurityFilterChain; SearchStrategy: all) found beans of type 'org.springframework.security.web.SecurityFilterChain' filterChain; NestedCondition on DefaultWebSecurityCondition.Classes @ConditionalOnClass found required classes 'org.springframework.security.web.SecurityFilterChain', 'org.springframework.security.config.annotation.web.builders.HttpSecurity' (DefaultWebSecurityCondition)

   TaskExecutorConfigurations.SimpleAsyncTaskExecutorBuilderConfiguration#simpleAsyncTaskExecutorBuilderVirtualThreads:
      Did not match:
         - @ConditionalOnMissingBean (types: org.springframework.boot.task.SimpleAsyncTaskExecutorBuilder; SearchStrategy: all) found beans of type 'org.springframework.boot.task.SimpleAsyncTaskExecutorBuilder' simpleAsyncTaskExecutorBuilder (OnBeanCondition)

   TaskExecutorConfigurations.TaskExecutorConfiguration#applicationTaskExecutorVirtualThreads:
      Did not match:
         - @ConditionalOnThreading did not find VIRTUAL (OnThreadingCondition)

   TaskSchedulingAutoConfiguration#scheduledBeanLazyInitializationExcludeFilter:
      Did not match:
         - @ConditionalOnBean (names: org.springframework.context.annotation.internalScheduledAnnotationProcessor; SearchStrategy: all) did not find any beans named org.springframework.context.annotation.internalScheduledAnnotationProcessor (OnBeanCondition)

   TaskSchedulingConfigurations.SimpleAsyncTaskSchedulerBuilderConfiguration#simpleAsyncTaskSchedulerBuilderVirtualThreads:
      Did not match:
         - @ConditionalOnMissingBean (types: org.springframework.boot.task.SimpleAsyncTaskSchedulerBuilder; SearchStrategy: all) found beans of type 'org.springframework.boot.task.SimpleAsyncTaskSchedulerBuilder' simpleAsyncTaskSchedulerBuilder (OnBeanCondition)

   TaskSchedulingConfigurations.TaskSchedulerConfiguration:
      Did not match:
         - @ConditionalOnBean (names: org.springframework.context.annotation.internalScheduledAnnotationProcessor; SearchStrategy: all) did not find any beans named org.springframework.context.annotation.internalScheduledAnnotationProcessor (OnBeanCondition)

   TemplateEngineConfigurations.ReactiveTemplateEngineConfiguration:
      Did not match:
         - did not find reactive web application classes (OnWebApplicationCondition)

   ThymeleafAutoConfiguration.DataAttributeDialectConfiguration:
      Did not match:
         - @ConditionalOnClass did not find required class 'com.github.mxab.thymeleaf.extras.dataattribute.dialect.DataAttributeDialect' (OnClassCondition)

   ThymeleafAutoConfiguration.ThymeleafSecurityDialectConfiguration:
      Did not match:
         - @ConditionalOnClass did not find required class 'org.thymeleaf.extras.springsecurity6.dialect.SpringSecurityDialect' (OnClassCondition)

   ThymeleafAutoConfiguration.ThymeleafWebFluxConfiguration:
      Did not match:
         - did not find reactive web application classes (OnWebApplicationCondition)

   ThymeleafAutoConfiguration.ThymeleafWebLayoutConfiguration:
      Did not match:
         - @ConditionalOnClass did not find required class 'nz.net.ultraq.thymeleaf.layoutdialect.LayoutDialect' (OnClassCondition)

   ThymeleafAutoConfiguration.ThymeleafWebMvcConfiguration#resourceUrlEncodingFilter:
      Did not match:
         - @ConditionalOnEnabledResourceChain did not find class org.webjars.WebJarAssetLocator (OnEnabledResourceChainCondition)

   TransactionAutoConfiguration#transactionalOperator:
      Did not match:
         - @ConditionalOnSingleCandidate (types: org.springframework.transaction.ReactiveTransactionManager; SearchStrategy: all) did not find any beans (OnBeanCondition)

   TransactionAutoConfiguration.AspectJTransactionManagementConfiguration:
      Did not match:
         - @ConditionalOnBean (types: org.springframework.transaction.aspectj.AbstractTransactionAspect; SearchStrategy: all) did not find any beans of type org.springframework.transaction.aspectj.AbstractTransactionAspect (OnBeanCondition)

   TransactionAutoConfiguration.EnableTransactionManagementConfiguration.JdkDynamicAutoProxyConfiguration:
      Did not match:
         - @ConditionalOnProperty (spring.aop.proxy-target-class=false) did not find property 'proxy-target-class' (OnPropertyCondition)

   UserDetailsServiceAutoConfiguration:
      Did not match:
         - AnyNestedCondition 0 matched 3 did not; NestedCondition on UserDetailsServiceAutoConfiguration.MissingAlternativeOrUserPropertiesConfigured.PasswordConfigured @ConditionalOnProperty (spring.security.user.password) did not find property 'password'; NestedCondition on UserDetailsServiceAutoConfiguration.MissingAlternativeOrUserPropertiesConfigured.NameConfigured @ConditionalOnProperty (spring.security.user.name) did not find property 'name'; NestedCondition on UserDetailsServiceAutoConfiguration.MissingAlternativeOrUserPropertiesConfigured.MissingAlternative @ConditionalOnMissingClass found unwanted class 'org.springframework.security.oauth2.client.registration.ClientRegistrationRepository' (UserDetailsServiceAutoConfiguration.MissingAlternativeOrUserPropertiesConfigured)
      Matched:
         - @ConditionalOnClass found required class 'org.springframework.security.authentication.AuthenticationManager' (OnClassCondition)

   WebClientAutoConfiguration:
      Did not match:
         - @ConditionalOnClass did not find required class 'org.springframework.web.reactive.function.client.WebClient' (OnClassCondition)

   WebFluxAutoConfiguration:
      Did not match:
         - @ConditionalOnClass did not find required class 'org.springframework.web.reactive.config.WebFluxConfigurer' (OnClassCondition)

   WebMvcAutoConfiguration#hiddenHttpMethodFilter:
      Did not match:
         - @ConditionalOnProperty (spring.mvc.hiddenmethod.filter.enabled) did not find property 'enabled' (OnPropertyCondition)

   WebMvcAutoConfiguration.ProblemDetailsErrorHandlingConfiguration:
      Did not match:
         - @ConditionalOnProperty (spring.mvc.problemdetails.enabled=true) did not find property 'enabled' (OnPropertyCondition)

   WebMvcAutoConfiguration.ResourceChainCustomizerConfiguration:
      Did not match:
         - @ConditionalOnEnabledResourceChain did not find class org.webjars.WebJarAssetLocator (OnEnabledResourceChainCondition)

   WebMvcAutoConfiguration.WebMvcAutoConfigurationAdapter#beanNameViewResolver:
      Did not match:
         - @ConditionalOnMissingBean (types: org.springframework.web.servlet.view.BeanNameViewResolver; SearchStrategy: all) found beans of type 'org.springframework.web.servlet.view.BeanNameViewResolver' beanNameViewResolver (OnBeanCondition)

   WebServiceTemplateAutoConfiguration:
      Did not match:
         - @ConditionalOnClass did not find required class 'org.springframework.oxm.Marshaller' (OnClassCondition)

   WebServicesAutoConfiguration:
      Did not match:
         - @ConditionalOnClass did not find required class 'org.springframework.ws.transport.http.MessageDispatcherServlet' (OnClassCondition)

   WebSessionIdResolverAutoConfiguration:
      Did not match:
         - @ConditionalOnClass did not find required class 'reactor.core.publisher.Mono' (OnClassCondition)

   WebSocketMessagingAutoConfiguration:
      Did not match:
         - @ConditionalOnClass did not find required class 'org.springframework.web.socket.config.annotation.WebSocketMessageBrokerConfigurer' (OnClassCondition)

   WebSocketReactiveAutoConfiguration:
      Did not match:
         - @ConditionalOnWebApplication did not find reactive web application classes (OnWebApplicationCondition)

   WebSocketServletAutoConfiguration.JettyWebSocketConfiguration:
      Did not match:
         - @ConditionalOnClass did not find required class 'org.eclipse.jetty.ee10.websocket.jakarta.server.config.JakartaWebSocketServletContainerInitializer' (OnClassCondition)

   WebSocketServletAutoConfiguration.UndertowWebSocketConfiguration:
      Did not match:
         - @ConditionalOnClass did not find required class 'io.undertow.websockets.jsr.Bootstrap' (OnClassCondition)

   XADataSourceAutoConfiguration:
      Did not match:
         - @ConditionalOnBean (types: org.springframework.boot.jdbc.XADataSourceWrapper; SearchStrategy: all) did not find any beans of type org.springframework.boot.jdbc.XADataSourceWrapper (OnBeanCondition)
      Matched:
         - @ConditionalOnClass found required classes 'javax.sql.DataSource', 'jakarta.transaction.TransactionManager', 'org.springframework.jdbc.datasource.embedded.EmbeddedDatabaseType' (OnClassCondition)


Exclusions:
-----------

    None


Unconditional classes:
----------------------

    org.springframework.boot.autoconfigure.context.ConfigurationPropertiesAutoConfiguration

    org.springframework.boot.autoconfigure.ssl.SslAutoConfiguration

    org.springframework.boot.autoconfigure.context.LifecycleAutoConfiguration

    org.springframework.boot.autoconfigure.context.PropertyPlaceholderAutoConfiguration

    org.springframework.boot.autoconfigure.availability.ApplicationAvailabilityAutoConfiguration

    org.springframework.boot.autoconfigure.info.ProjectInfoAutoConfiguration



2026-06-10T08:38:43.991+07:00  INFO 5928 --- [           main] com.kawai.KawaiApplication               : Started KawaiApplication in 7.354 seconds (process running for 7.87)
2026-06-10T08:38:43.993+07:00 DEBUG 5928 --- [           main] o.s.b.a.ApplicationAvailabilityBean      : Application availability state LivenessState changed to CORRECT
2026-06-10T08:38:43.996+07:00 DEBUG 5928 --- [           main] o.s.b.a.ApplicationAvailabilityBean      : Application availability state ReadinessState changed to ACCEPTING_TRAFFIC
